COUNTRY,FECHA,CONTAGIADOS,FALLECIDOS,RECUPERADOS,HOSPITALIZADOS,UCIs
BOLIVIA,08/03/2020,1,0,0,0,
BOLIVIA,09/03/2020,1,0,0,0,
BOLIVIA,10/03/2020,5,0,0,0,
BOLIVIA,11/03/2020,3,0,0,0,
BOLIVIA,12/03/2020,0,0,0,0,
BOLIVIA,13/03/2020,2,0,0,0,
BOLIVIA,14/03/2020,0,0,0,0,
BOLIVIA,15/03/2020,1,0,0,0,
BOLIVIA,16/03/2020,1,0,0,0,
BOLIVIA,17/03/2020,1,0,0,0,
BOLIVIA,18/03/2020,3,0,0,0,
BOLIVIA,19/03/2020,2,0,0,0,
BOLIVIA,20/03/2020,7,0,0,0,
BOLIVIA,21/03/2020,3,0,0,0,
BOLIVIA,22/03/2020,0,0,0,0,
BOLIVIA,23/03/2020,1,0,0,0,
BOLIVIA,24/03/2020,1,0,0,0,
BOLIVIA,25/03/2020,7,0,0,0,
BOLIVIA,26/03/2020,22,0,0,0,
BOLIVIA,27/03/2020,13,0,0,0,
BOLIVIA,28/03/2020,7,0,0,0,
BOLIVIA,29/03/2020,7,3,0,0,
BOLIVIA,30/03/2020,11,3,0,0,
BOLIVIA,31/03/2020,8,1,0,0,
BOLIVIA,01/04/2020,8,1,0,0,
BOLIVIA,02/04/2020,9,1,0,0,
BOLIVIA,03/04/2020,7,1,1,0,
BOLIVIA,04/04/2020,18,0,1,0,
BOLIVIA,05/04/2020,26,1,0,0,
BOLIVIA,06/04/2020,11,3,0,0,
BOLIVIA,07/04/2020,16,3,0,0,
BOLIVIA,08/04/2020,54,1,0,,
BOLIVIA,09/04/2020,4,1,0,,
BOLIVIA,10/04/2020,7,1,0,,
BOLIVIA,11/04/2020,25,4,0,,
BOLIVIA,12/04/2020,30,3,0,,
BOLIVIA,13/04/2020,24,1,4,,
BOLIVIA,14/04/2020,43,0,1,,
BOLIVIA,15/04/2020,44,1,7,,
BOLIVIA,16/04/2020,24,2,12,,
BOLIVIA,17/04/2020,28,0,5,,
BOLIVIA,18/04/2020,27,1,0,,
BOLIVIA,19/04/2020,44,1,0,,
BOLIVIA,20/04/2020,34,1,6,,
BOLIVIA,21/04/2020,11,3,7,,
BOLIVIA,22/04/2020,63,3,0,,
BOLIVIA,23/04/2020,31,3,10,,
BOLIVIA,24/04/2020,104,1,9,,
BOLIVIA,25/04/2020,59,2,12,,
BOLIVIA,26/04/2020,84,4,6,,
BOLIVIA,27/04/2020,64,3,19,,
BOLIVIA,28/04/2020,39,2,29,,
BOLIVIA,29/04/2020,57,4,7,,
BOLIVIA,30/04/2020,57,1,5,,
BOLIVIA,01/05/2020,62,6,2,,
BOLIVIA,02/05/2020,241,11,25,,
BOLIVIA,03/05/2020,124,5,7,,
BOLIVIA,04/05/2020,87,6,8,,
BOLIVIA,05/05/2020,121,4,13,,
BOLIVIA,06/05/2020,84,5,11,,
BOLIVIA,07/05/2020,195,11,21,,
BOLIVIA,08/05/2020,185,4,8,,
BOLIVIA,09/05/2020,171,8,21,,
BOLIVIA,10/05/2020,119,3,15,,
BOLIVIA,11/05/2020,275,5,26,,
BOLIVIA,12/05/2020,133,6,14,,
BOLIVIA,13/05/2020,184,14,26,,
BOLIVIA,14/05/2020,224,10,17,,
BOLIVIA,15/05/2020,205,12,78,,
BOLIVIA,16/05/2020,249,1,39,,
BOLIVIA,17/05/2020,262,4,20,,
BOLIVIA,18/05/2020,175,5,10,,
BOLIVIA,19/05/2020,218,15,30,,
BOLIVIA,20/05/2020,438,10,20,,
BOLIVIA,21/05/2020,268,16,8,,
BOLIVIA,22/05/2020,392,15,14,,
BOLIVIA,23/05/2020,336,10,34,,
BOLIVIA,24/05/2020,348,10,20,,
BOLIVIA,25/05/2020,397,11,18,,
BOLIVIA,26/05/2020,476,2,30,,
BOLIVIA,27/05/2020,632,17,12,,
BOLIVIA,28/05/2020,619,13,49,,
BOLIVIA,29/05/2020,344,7,11,,
BOLIVIA,30/05/2020,861,10,140,,
BOLIVIA,31/05/2020,390,3,97,,
BOLIVIA,01/06/2020,549,30,146,,
BOLIVIA,02/06/2020,460,33,166,,
BOLIVIA,03/06/2020,647,24,209,,
BOLIVIA,04/06/2020,607,15,151,,
BOLIVIA,05/06/2020,483,12,76,,
BOLIVIA,06/06/2020,630,27,168,,
BOLIVIA,07/06/2020,285,10,184,,
BOLIVIA,08/06/2020,306,10,73,,
BOLIVIA,09/06/2020,695,12,31,,
BOLIVIA,10/06/2020,637,25,71,,
BOLIVIA,11/06/2020,884,21,111,,
BOLIVIA,12/06/2020,764,26,59,,
BOLIVIA,13/06/2020,913,26,337,,
BOLIVIA,14/06/2020,617,26,345,,
BOLIVIA,15/06/2020,614,21,317,,
BOLIVIA,16/06/2020,810,27,322,,
BOLIVIA,17/06/2020,802,20,250,,
BOLIVIA,18/06/2020,814,18,318,,
BOLIVIA,19/06/2020,977,18,350,,
BOLIVIA,20/06/2020,1036,25,416,,
BOLIVIA,21/06/2020,876,33,431,,
BOLIVIA,22/06/2020,1105,47,47,,
BOLIVIA,23/06/2020,896,26,76,,
BOLIVIA,24/06/2020,1098,30,20,,
BOLIVIA,25/06/2020,1016,37,37,,
BOLIVIA,26/06/2020,920,21,21,,
BOLIVIA,27/06/2020,1253,36,36,,
BOLIVIA,28/06/2020,848,44,44,,
BOLIVIA,29/06/2020,601,57,57,,
BOLIVIA,30/06/2020,1094,52,52,,
BOLIVIA,01/07/2020,1008,78,424,,
BOLIVIA,02/07/2020,1301,70,408,,
BOLIVIA,03/07/2020,1290,49,506,,
BOLIVIA,04/07/2020,1253,58,395,,
BOLIVIA,05/07/2020,1226,56,262,,
BOLIVIA,06/07/2020,1226,42,10691,,
BOLIVIA,07/07/2020,1036,54,11645,,
BOLIVIA,08/07/2020,1439,47,471,,
BOLIVIA,09/07/2020,1129,61,564,,
BOLIVIA,10/07/2020,1452,64,415,,
BOLIVIA,11/07/2020,1635,52,510,,
BOLIVIA,12/07/2020,1351,53,456,,
BOLIVIA,13/07/2020,1938,59,520,,
BOLIVIA,14/07/2020,1617,32,538,,
BOLIVIA,15/07/2020,1351,44,622,,
BOLIVIA,16/07/2020,1938,42,903,,
BOLIVIA,17/07/2020,1946,65,318,,
BOLIVIA,18/07/2020,2036,57,353,,
BOLIVIA,19/07/2020,1444,45,322,,
BOLIVIA,20/07/2020,1409,67,1,,
BOLIVIA,21/07/2020,1366,55,415,,
BOLIVIA,22/07/2020,1778,55,431,,
BOLIVIA,23/07/2020,1117,79,309,,
BOLIVIA,24/07/2020,1209,66,584,,
BOLIVIA,25/07/2020,1825,62,337,,
BOLIVIA,26/07/2020,1148,48,218,,
BOLIVIA,27/07/2020,1752,64,309,,
BOLIVIA,28/07/2020,1146,73,493,,
BOLIVIA,29/07/2020,1207,88,535,,
BOLIVIA,30/07/2020,1700,86,799,,
BOLIVIA,31/07/2020,1555,83,277,,
BOLIVIA,01/08/2020,2004,87,386,,
BOLIVIA,02/08/2020,1360,89,188,,
BOLIVIA,03/08/2020,1693,75,354,,
BOLIVIA,04/08/2020,1515,92,880,,
BOLIVIA,05/08/2020,1780,65,1047,,
BOLIVIA,06/08/2020,1282,80,936,,
BOLIVIA,07/08/2020,1468,59,766,,
BOLIVIA,08/08/2020,1164,163,765,,
BOLIVIA,09/08/2020,944,47,904,,
BOLIVIA,10/08/2020,1636,72,1015,,
BOLIVIA,11/08/2020,1693,49,930,,
BOLIVIA,12/08/2020,1743,66,1077,,
BOLIVIA,13/08/2020,1388,57,890,,
BOLIVIA,14/08/2020,1491,55,1003,,
BOLIVIA,15/08/2020,1196,64,915,,
BOLIVIA,16/08/2020,1198,45,853,,
BOLIVIA,17/08/2020,879,75,980,,
BOLIVIA,18/08/2020,1796,49,1152,,
BOLIVIA,19/08/2020,2031,61,1342,,
BOLIVIA,20/08/2020,1015,72,1146,,
BOLIVIA,21/08/2020,1370,61,1030,,
BOLIVIA,22/08/2020,992,76,1746,,
BOLIVIA,23/08/2020,722,69,1509,,
BOLIVIA,24/08/2020,999,94,1654,,
BOLIVIA,25/08/2020,851,62,1825,,
BOLIVIA,26/08/2020,851,62,1522,,
BOLIVIA,27/08/2020,1035,65,2124,,
BOLIVIA,28/08/2020,1280,55,2128,,
BOLIVIA,29/08/2020,945,92,2100,,
BOLIVIA,30/08/2020,614,28,1748,,
BOLIVIA,31/08/2020,630,55,1911,,
BOLIVIA,01/09/2020,669,1716,1716,,
BOLIVIA,02/09/2020,661,1950,1950,,
BOLIVIA,03/09/2020,853,1810,1810,,
BOLIVIA,04/09/2020,799,1960,1960,,
BOLIVIA,05/09/2020,661,1825,1722,,
BOLIVIA,06/09/2020,528,1522,1923,,
BOLIVIA,07/09/2020,835,2124,1661,,
BOLIVIA,08/09/2020,704,1948,1948,,
BOLIVIA,09/09/2020,1037,2118,2118,,
BOLIVIA,10/09/2020,860,2267,2267,,
BOLIVIA,11/09/2020,222,1757,1757,,
BOLIVIA,12/09/2020,810,1556,1556,,
BOLIVIA,13/09/2020,809,1490,1490,,
BOLIVIA,14/09/2020,828,1018,1333,,
BOLIVIA,15/09/2020,667,815,1018,,
BOLIVIA,16/09/2020,586,815,815,,
BOLIVIA,17/09/2020,547,685,685,,
BOLIVIA,18/09/2020,632,741,741,,
BOLIVIA,19/09/2020,419,575,575,,
BOLIVIA,20/09/2020,206,585,585,,
BOLIVIA,21/09/2020,310,623,623,,
BOLIVIA,22/09/2020,467,613,613,,
BOLIVIA,23/09/2020,537,703,703,,
BOLIVIA,24/09/2020,628,545,545,,
BOLIVIA,25/09/2020,604,1765,767,,
BOLIVIA,26/09/2020,370,538,538,,
BOLIVIA,27/09/2020,309,385,385,,
BOLIVIA,28/09/2020,322,533,533,,
BOLIVIA,29/09/2020,418,570,571,,
BOLIVIA,30/09/2020,670,226,634,,
CHILE,03/03/2020,1,0,0,0,0
CHILE,04/03/2020,2,0,0,0,0
CHILE,05/03/2020,1,0,0,0,0
CHILE,06/03/2020,1,0,0,0,0
CHILE,07/03/2020,2,0,0,0,0
CHILE,08/03/2020,3,0,0,0,0
CHILE,09/03/2020,5,0,0,0,0
CHILE,10/03/2020,2,0,0,0,0
CHILE,11/03/2020,6,0,0,0,0
CHILE,12/03/2020,10,0,0,0,0
CHILE,13/03/2020,10,0,0,0,0
CHILE,14/03/2020,18,0,0,0,0
CHILE,15/03/2020,14,0,0,0,0
CHILE,16/03/2020,81,0,0,0,0
CHILE,17/03/2020,45,0,1,0,0
CHILE,18/03/2020,37,0,2,0,0
CHILE,19/03/2020,104,1,2,0,0
CHILE,20/03/2020,92,0,1,0,0
CHILE,21/03/2020,103,1,2,0,0
CHILE,22/03/2020,95,0,0,0,0
CHILE,23/03/2020,114,1,1,0,0
CHILE,24/03/2020,176,0,1,0,0
CHILE,25/03/2020,220,1,1,0,0
CHILE,26/03/2020,164,0,6,0,0
CHILE,27/03/2020,304,0,1,0,0
CHILE,28/03/2020,299,0,8,0,0
CHILE,29/03/2020,230,0,4,0,0
CHILE,30/03/2020,310,0,67,0,0
CHILE,31/03/2020,289,-1,2,0,0
CHILE,01/04/2020,293,4,1,0,0
CHILE,02/04/2020,373,0,121,0,0
CHILE,03/04/2020,333,18,89,0,237
CHILE,04/04/2020,424,5,98,0,43
CHILE,05/04/2020,310,7,88,0,27
CHILE,06/04/2020,344,3,11,0,20
CHILE,07/04/2020,301,6,170,0,10
CHILE,08/04/2020,430,5,215,0,25
CHILE,09/04/2020,426,9,155,0,2
CHILE,10/04/2020,529,8,296,0,23
CHILE,11/04/2020,426,8,291,788,83
CHILE,12/04/2020,286,7,223,5,1
CHILE,13/04/2020,312,2,308,24,22
CHILE,14/04/2020,392,12,279,22,7
CHILE,15/04/2020,356,0,291,241,0
CHILE,16/04/2020,534,11,362,37,6
CHILE,17/04/2020,445,11,322,22,8
CHILE,18/04/2020,478,10,414,58,31
CHILE,19/04/2020,358,7,303,25,78
CHILE,20/04/2020,419,6,338,9,77
CHILE,21/04/2020,325,8,293,81,96
CHILE,22/04/2020,464,13,417,31,7
CHILE,23/04/2020,516,8,418,18,12
CHILE,24/04/2020,494,6,523,19,4
CHILE,25/04/2020,552,7,419,32,3
CHILE,26/04/2020,473,8,278,24,3
CHILE,27/04/2020,482,9,303,67,11
CHILE,28/04/2020,552,9,383,29,2
CHILE,29/04/2020,770,9,347,14,10
CHILE,30/04/2020,888,11,523,54,1
CHILE,01/05/2020,985,7,438,54,6
CHILE,02/05/2020,1427,13,555,97,24
CHILE,03/05/2020,1228,13,468,128,15
CHILE,04/05/2020,980,10,374,69,6
CHILE,05/05/2020,1317,5,295,117,16
CHILE,06/05/2020,1032,6,479,114,7
CHILE,07/05/2020,1533,4,475,124,15
CHILE,08/05/2020,1391,9,496,106,36
CHILE,09/05/2020,1247,10,507,103,21
CHILE,10/05/2020,1641,8,449,84,9
CHILE,11/05/2020,1197,11,489,147,30
CHILE,12/05/2020,1658,12,520,225,38
CHILE,13/05/2020,2660,11,740,187,21
CHILE,14/05/2020,2659,22,790,164,0
CHILE,15/05/2020,2502,26,959,164,48
CHILE,16/05/2020,1886,27,1400,185,40
CHILE,17/05/2020,2353,29,1199,282,18
CHILE,18/05/2020,2278,28,952,263,38
CHILE,19/05/2020,3520,31,1342,185,69
CHILE,20/05/2020,4038,35,997,239,28
CHILE,21/05/2020,3964,45,1488,160,39
CHILE,22/05/2020,4276,41,1350,267,43
CHILE,23/05/2020,3536,43,1204,235,76
CHILE,24/05/2020,3709,45,1602,143,28
CHILE,25/05/2020,4895,43,1154,321,45
CHILE,26/05/2020,3964,45,1613,323,67
CHILE,27/05/2020,4328,35,2625,184,49
CHILE,28/05/2020,4654,49,2610,124,38
CHILE,29/05/2020,3695,54,2448,206,61
CHILE,30/05/2020,4220,53,1833,259,33
CHILE,31/05/2020,4830,57,2296,238,63
CHILE,01/06/2020,5471,59,2219,75,5
CHILE,02/06/2020,3527,75,3804,176,24
CHILE,03/06/2020,4942,87,4096,183,21
CHILE,04/06/2020,4664,81,4102,72,25
CHILE,05/06/2020,4207,92,3587,41,3
CHILE,06/06/2020,5246,93,3339,119,34
CHILE,07/06/2020,6405,649,3780,40,23
CHILE,08/06/2020,4696,74,4651,147,4
CHILE,09/06/2020,3913,19,5113,268,13
CHILE,10/06/2020,5737,192,4459,170,28
CHILE,11/06/2020,5596,173,4624,169,29
CHILE,12/06/2020,6754,222,4914,101,9
CHILE,13/06/2020,6509,231,5938,183,59
CHILE,14/06/2020,6938,222,6408,92,8
CHILE,15/06/2020,5143,39,5088,104,4
CHILE,16/06/2020,5013,21,7440,145,67
CHILE,17/06/2020,4757,232,2500,108,51
CHILE,18/06/2020,4475,226,4510,29,66
CHILE,19/06/2020,6290,252,5050,110,40
CHILE,20/06/2020,5355,202,5118,78,45
CHILE,21/06/2020,5607,184,3960,87,18
CHILE,22/06/2020,4608,23,4828,38,5
CHILE,23/06/2020,3804,3,5173,151,37
CHILE,24/06/2020,3649,226,4523,12,32
CHILE,25/06/2020,4648,172,4234,48,8
CHILE,26/06/2020,4296,165,4104,20,4
CHILE,27/06/2020,4406,279,4624,137,39
CHILE,28/06/2020,4216,162,4155,7,39
CHILE,29/06/2020,4017,66,3806,136,16
CHILE,30/06/2020,3394,113,5213,,
CHILE,01/07/2020,2650,65,4214,,
CHILE,02/07/2020,2498,65,3804,,
CHILE,03/07/2020,3548,167,4096,,
CHILE,04/07/2020,3758,141,4102,,
CHILE,05/07/2020,3685,116,3587,,
CHILE,06/07/2020,3025,76,3339,,
CHILE,07/07/2020,2462,50,3874,,
CHILE,08/07/2020,2064,134,3458,,
CHILE,09/07/2020,3133,109,3219,,
CHILE,10/07/2020,3058,99,3131,,
CHILE,11/07/2020,2755,100,3061,,
CHILE,12/07/2020,3012,198,2788,,
CHILE,13/07/2020,2616,45,2654,,
CHILE,14/07/2020,1836,45,2664,,
CHILE,15/07/2020,1712,117,2865,,
CHILE,16/07/2020,2475,104,3216,,
CHILE,17/07/2020,2840,157,1516,,
CHILE,18/07/2020,2185,98,2635,,
CHILE,19/07/2020,2082,58,2345,,
CHILE,20/07/2020,2099,130,2198,,
CHILE,21/07/2020,1656,44,2824,,
CHILE,22/07/2020,1741,45,2425,,
CHILE,23/07/2020,2371,116,2190,,
CHILE,24/07/2020,2545,76,2265,,
CHILE,25/07/2020,2287,106,2473,,
CHILE,26/07/2020,2198,92,1926,,
CHILE,27/07/2020,2133,75,1859,,
CHILE,28/07/2020,1876,53,2378,,
CHILE,29/07/2020,1773,38,2225,,
CHILE,30/07/2020,1948,99,2071,,
CHILE,31/07/2020,2123,80,1699,,
CHILE,01/08/2020,1979,76,2180,,
CHILE,02/08/2020,2081,75,1904,,
CHILE,03/08/2020,1762,99,1565,,
CHILE,04/08/2020,1462,38,2354,,
CHILE,05/08/2020,1781,47,1961,,
CHILE,06/08/2020,1947,97,1877,,
CHILE,07/08/2020,2149,69,3877,,
CHILE,08/08/2020,2201,53,1965,,
CHILE,09/08/2020,2036,66,1993,,
CHILE,10/08/2020,1988,62,1516,,
CHILE,11/08/2020,1566,39,2199,,
CHILE,12/08/2020,154,27,4077,,
CHILE,13/08/2020,1852,94,1712,,
CHILE,14/08/2020,2077,41,1906,,
CHILE,15/08/2020,1777,55,1914,,
CHILE,16/08/2020,2086,57,1877,,
CHILE,17/08/2020,1556,61,1557,,
CHILE,18/08/2020,1336,33,2055,,
CHILE,19/08/2020,1233,32,1845,,
CHILE,20/08/2020,1813,93,1778,,
CHILE,21/08/2020,1920,52,1834,,
CHILE,22/08/2020,1926,69,3667,,
CHILE,23/08/2020,1942,60,1449,,
CHILE,24/08/2020,1903,64,1285,,
CHILE,25/08/2020,1906,42,1999,,
CHILE,26/08/2020,1371,32,1805,,
CHILE,27/08/2020,1739,82,1654,,
CHILE,28/08/2020,1868,60,1530,,
CHILE,29/08/2020,2033,44,1731,,
CHILE,30/08/2020,1966,63,1401,969,
CHILE,31/08/2020,1753,45,1295,962,
CHILE,01/09/2020,1415,32,,947,
CHILE,02/09/2020,1582,23,,940,
CHILE,03/09/2020,1758,78,,932,
CHILE,04/09/2020,1965,72,,908,
CHILE,05/09/2020,1961,57,,909,
CHILE,06/09/2020,2077,98,,930,
CHILE,07/09/2020,1764,60,,930,
CHILE,08/09/2020,1263,,,,
CHILE,09/09/2020,1482,,,,
CHILE,10/09/2020,1639,,,,
CHILE,11/09/2020,1860,,,,
CHILE,12/09/2020,2135,,,,
CHILE,13/09/2020,2082,,,,
CHILE,14/09/2020,1685,,,,
CHILE,15/09/2020,1535,,,,
CHILE,16/09/2020,1305,,,,
CHILE,17/09/2020,1860,,,,
CHILE,18/09/2020,1673,,,,
CHILE,19/09/2020,1848,,,,
CHILE,20/09/2020,1600,,,,
CHILE,21/09/2020,1194,,,,
CHILE,22/09/2020,1054,,,,
CHILE,23/09/2020,1372,,,,
CHILE,24/09/2020,1731,,,,
CHILE,25/09/2020,2222,,,,
CHILE,26/09/2020,2109,,,,
CHILE,27/09/2020,1923,,,,
CHILE,28/09/2020,1770,,,,
CHILE,29/09/2020,1622,,,,
CHILE,30/09/2020,1684,,,,
ECUADOR,05/04/2020,181,8,,0,0
ECUADOR,06/04/2020,101,11,,0,0
ECUADOR,07/04/2020,248,29,,0,0
ECUADOR,08/04/2020,455,22,,0,0
ECUADOR,09/04/2020,515,30,,0,0
ECUADOR,10/04/2020,2196,25,,0,0
ECUADOR,11/04/2020,96,18,,0,0
ECUADOR,12/04/2020,209,18,,0,0
ECUADOR,13/04/2020,63,22,,0,0
ECUADOR,14/04/2020,74,14,,0,0
ECUADOR,15/04/2020,255,19,,0,0
ECUADOR,16/04/2020,367,15,,0,0
ECUADOR,17/04/2020,225,18,,0,0
ECUADOR,18/04/2020,572,35,,0,0
ECUADOR,19/04/2020,446,18,,0,0
ECUADOR,20/04/2020,660,33,,0,0
ECUADOR,21/04/2020,270,13,,0,0
ECUADOR,22/04/2020,452,17,,0,0
ECUADOR,23/04/2020,333,23,,0,0
ECUADOR,24/04/2020,0,16,,0,0
ECUADOR,25/04/2020,0,0,,0,0
ECUADOR,26/04/2020,0,0,,0,0
ECUADOR,27/04/2020,0,0,,0,0
ECUADOR,28/04/2020,0,0,,0,0
ECUADOR,29/04/2020,417,12,,0,0
ECUADOR,30/04/2020,259,17,,0,0
ECUADOR,01/05/2020,1402,163,,0,0
ECUADOR,02/05/2020,1128,308,,0,0
ECUADOR,03/05/2020,2074,193,,0,0
ECUADOR,04/05/2020,2343,5,,0,0
ECUADOR,05/05/2020,0,0,,0,0
ECUADOR,06/05/2020,2461,49,,0,0
ECUADOR,07/05/2020,878,36,,0,0
ECUADOR,08/05/2020,1480,50,,0,0
ECUADOR,09/05/2020,253,13,,0,0
ECUADOR,10/05/2020,488,410,,0,0
ECUADOR,11/05/2020,50,18,,0,0
ECUADOR,12/05/2020,910,182,,0,0
ECUADOR,13/05/2020,67,7,,0,0
ECUADOR,14/05/2020,16,4,,0,0
ECUADOR,15/05/2020,965,256,,0,0
ECUADOR,16/05/2020,1256,94,,0,0
ECUADOR,17/05/2020,459,48,,0,0
ECUADOR,18/05/2020,400,63,,0,0
ECUADOR,19/05/2020,569,40,,0,0
ECUADOR,20/05/2020,703,49,,0,0
ECUADOR,21/05/2020,452,51,,0,0
ECUADOR,22/05/2020,522,117,,0,0
ECUADOR,23/05/2020,430,40,,0,0
ECUADOR,24/05/2020,498,12,,0,0
ECUADOR,25/05/2020,599,95,,0,0
ECUADOR,26/05/2020,301,18,,0,0
ECUADOR,27/05/2020,447,54,,0,0
ECUADOR,28/05/2020,368,38,,0,0
ECUADOR,29/05/2020,100,21,,0,0
ECUADOR,30/05/2020,272,12,,0,0
ECUADOR,31/05/2020,255,12,,0,0
ECUADOR,01/06/2020,896,36,,0,0
ECUADOR,02/06/2020,420,44,,0,0
ECUADOR,03/06/2020,552,48,,0,0
ECUADOR,04/06/2020,609,48,,0,0
ECUADOR,05/06/2020,531,58,,0,0
ECUADOR,06/06/2020,622,16,,0,0
ECUADOR,07/06/2020,392,13,,0,0
ECUADOR,08/06/2020,258,21,,0,0
ECUADOR,09/06/2020,539,48,,0,0
ECUADOR,10/06/2020,523,30,,0,0
ECUADOR,11/06/2020,642,48,,0,0
ECUADOR,12/06/2020,696,60,,0,0
ECUADOR,13/06/2020,578,46,,0,0
ECUADOR,14/06/2020,395,22,,0,0
ECUADOR,15/06/2020,571,33,,0,0
ECUADOR,16/06/2020,621,41,,0,0
ECUADOR,17/06/2020,547,37,,0,0
ECUADOR,18/06/2020,607,80,,0,0
ECUADOR,19/06/2020,634,69,,0,0
ECUADOR,20/06/2020,452,43,,0,0
ECUADOR,21/06/2020,457,24,,0,0
ECUADOR,22/06/2020,275,23,,0,0
ECUADOR,23/06/2020,728,28,,0,0
ECUADOR,24/06/2020,691,35,,0,0
ECUADOR,25/06/2020,822,34,,0,0
ECUADOR,26/06/2020,700,63,,0,0
ECUADOR,27/06/2020,718,18,,0,0
ECUADOR,28/06/2020,681,5,,0,0
ECUADOR,29/06/2020,410,73,,0,0
ECUADOR,30/06/2020,677,25,,0,0
ECUADOR,01/07/2020,1915,49,,,
ECUADOR,02/07/2020,1229,63,,,
ECUADOR,03/07/2020,1171,61,,,
ECUADOR,04/07/2020,878,69,,,
ECUADOR,05/07/2020,423,12,,,
ECUADOR,06/07/2020,422,40,,,
ECUADOR,07/07/2020,865,52,,,
ECUADOR,08/07/2020,976,27,,,
ECUADOR,09/07/2020,797,39,,,
ECUADOR,10/07/2020,783,44,,,
ECUADOR,11/07/2020,1408,48,,,
ECUADOR,12/07/2020,661,16,,,
ECUADOR,13/07/2020,589,16,,,
ECUADOR,14/07/2020,1111,67,,,
ECUADOR,15/07/2020,759,28,,,
ECUADOR,16/07/2020,1036,49,,,
ECUADOR,17/07/2020,1079,43,,,
ECUADOR,18/07/2020,938,32,,,
ECUADOR,19/07/2020,631,31,,,
ECUADOR,20/07/2020,607,5,,,
ECUADOR,21/07/2020,1597,48,,,
ECUADOR,22/07/2020,1040,52,,,
ECUADOR,23/07/2020,891,21,,,
ECUADOR,24/07/2020,901,29,,,
ECUADOR,25/07/2020,987,39,,,
ECUADOR,26/07/2020,658,8,,,
ECUADOR,27/07/2020,467,17,,,
ECUADOR,28/07/2020,1118,52,,,
ECUADOR,29/07/2020,914,39,,,
ECUADOR,30/07/2020,1177,34,,,
ECUADOR,31/07/2020,985,45,,,
ECUADOR,01/08/2020,877,34,,,
ECUADOR,02/08/2020,292,14,,,
ECUADOR,03/08/2020,517,17,,,
ECUADOR,04/08/2020,922,41,,,
ECUADOR,05/08/2020,903,39,,,
ECUADOR,06/08/2020,1671,30,,,
ECUADOR,07/08/2020,1432,20,,,
ECUADOR,08/08/2020,1603,19,,,
ECUADOR,09/08/2020,887,6,,,
ECUADOR,10/08/2020,242,10,,,
ECUADOR,11/08/2020,862,19,,,
ECUADOR,12/08/2020,1547,33,,,
ECUADOR,13/08/2020,1233,26,,,
ECUADOR,14/08/2020,1066,20,,,
ECUADOR,15/08/2020,1279,35,,,
ECUADOR,16/08/2020,854,5,,,
ECUADOR,17/08/2020,209,35,,,
ECUADOR,18/08/2020,1190,0,,,
ECUADOR,19/08/2020,1534,41,,,
ECUADOR,20/08/2020,1033,54,,,
ECUADOR,21/08/2020,973,48,,,
ECUADOR,22/08/2020,608,29,,,
ECUADOR,23/08/2020,680,33,,,
ECUADOR,24/08/2020,520,12,,,
ECUADOR,25/08/2020,741,46,,,
ECUADOR,26/08/2020,1519,42,,,
ECUADOR,27/08/2020,670,61,,,
ECUADOR,28/08/2020,922,33,,,
ECUADOR,29/08/2020,765,33,,,
ECUADOR,30/08/2020,742,18,,,
ECUADOR,31/08/2020,119,1,,,
EL SALVADOR,18/03/2020,1,0,0,0,
EL SALVADOR,19/03/2020,0,0,0,0,
EL SALVADOR,20/03/2020,2,0,0,0,
EL SALVADOR,21/03/2020,0,0,0,0,
EL SALVADOR,22/03/2020,0,0,0,0,
EL SALVADOR,23/03/2020,2,0,0,0,
EL SALVADOR,24/03/2020,4,0,0,0,
EL SALVADOR,25/03/2020,4,0,0,0,
EL SALVADOR,26/03/2020,0,0,0,0,
EL SALVADOR,27/03/2020,6,0,0,0,
EL SALVADOR,28/03/2020,5,0,0,0,
EL SALVADOR,29/03/2020,6,0,0,0,
EL SALVADOR,30/03/2020,2,0,0,0,
EL SALVADOR,31/03/2020,0,1,0,0,
EL SALVADOR,01/04/2020,9,1,0,0,
EL SALVADOR,02/04/2020,5,0,0,0,
EL SALVADOR,03/04/2020,10,1,0,0,
EL SALVADOR,04/04/2020,6,0,0,0,
EL SALVADOR,05/04/2020,7,0,0,0,
EL SALVADOR,06/04/2020,9,1,3,0,
EL SALVADOR,07/04/2020,15,1,0,0,
EL SALVADOR,08/04/2020,10,0,5,0,
EL SALVADOR,09/04/2020,14,1,5,0,
EL SALVADOR,10/04/2020,1,0,4,0,
EL SALVADOR,11/04/2020,7,0,0,0,
EL SALVADOR,12/04/2020,12,0,2,0,
EL SALVADOR,13/04/2020,12,0,4,0,
EL SALVADOR,14/04/2020,10,0,5,0,
EL SALVADOR,15/04/2020,5,0,3,0,
EL SALVADOR,16/04/2020,13,1,5,0,
EL SALVADOR,17/04/2020,13,0,5,0,
EL SALVADOR,18/04/2020,11,0,1,0,0
EL SALVADOR,19/04/2020,17,0,2,0,0
EL SALVADOR,20/04/2020,7,0,2,0,0
EL SALVADOR,21/04/2020,12,0,15,0,0
EL SALVADOR,22/04/2020,13,1,4,0,0
EL SALVADOR,23/04/2020,11,0,5,0,0
EL SALVADOR,24/04/2020,13,0,3,0,0
EL SALVADOR,25/04/2020,24,0,8,0,0
EL SALVADOR,26/04/2020,25,0,6,0,0
EL SALVADOR,27/04/2020,22,0,8,0,0
EL SALVADOR,28/04/2020,32,1,9,0,0
EL SALVADOR,29/04/2020,18,0,12,0,0
EL SALVADOR,30/04/2020,29,1,6,0,0
EL SALVADOR,01/05/2020,22,0,14,0,0
EL SALVADOR,02/05/2020,44,1,16,0,0
EL SALVADOR,03/05/2020,65,1,26,0,0
EL SALVADOR,04/05/2020,32,1,21,0,0
EL SALVADOR,05/05/2020,46,1,18,0,0
EL SALVADOR,06/05/2020,62,1,26,0,0
EL SALVADOR,07/05/2020,47,0,12,0,0
EL SALVADOR,08/05/2020,42,1,19,0,0
EL SALVADOR,09/05/2020,105,1,17,0,0
EL SALVADOR,10/05/2020,69,0,32,0,0
EL SALVADOR,11/05/2020,40,1,24,0,0
EL SALVADOR,12/05/2020,39,2,25,0,0
EL SALVADOR,13/05/2020,75,0,31,0,0
EL SALVADOR,14/05/2020,98,3,11,0,0
EL SALVADOR,15/05/2020,55,2,25,0,0
EL SALVADOR,16/05/2020,73,2,21,0,0
EL SALVADOR,17/05/2020,75,3,12,0,0
EL SALVADOR,18/05/2020,85,0,28,0,0
EL SALVADOR,19/05/2020,73,1,29,0,0
EL SALVADOR,20/05/2020,69,1,9,0,0
EL SALVADOR,21/05/2020,85,1,22,0,0
EL SALVADOR,22/05/2020,94,0,8,0,0
EL SALVADOR,23/05/2020,96,2,24,0,0
EL SALVADOR,24/05/2020,68,0,104,0,0
EL SALVADOR,25/05/2020,59,1,89,0,0
EL SALVADOR,26/05/2020,67,1,86,0,0
EL SALVADOR,27/05/2020,85,2,129,0,0
EL SALVADOR,28/05/2020,84,3,13,0,0
EL SALVADOR,29/05/2020,117,2,11,0,0
EL SALVADOR,30/05/2020,122,2,14,0,0
EL SALVADOR,31/05/2020,65,0,23,0,0
EL SALVADOR,01/06/2020,71,0,53,0,0
EL SALVADOR,02/06/2020,52,3,63,0,0
EL SALVADOR,03/06/2020,76,2,29,0,0
EL SALVADOR,04/06/2020,68,2,41,0,0
EL SALVADOR,05/06/2020,85,0,32,0,0
EL SALVADOR,06/06/2020,81,0,24,0,0
EL SALVADOR,07/06/2020,89,2,56,0,0
EL SALVADOR,08/06/2020,87,3,52,0,0
EL SALVADOR,09/06/2020,83,2,25,0,0
EL SALVADOR,10/06/2020,99,4,59,0,0
EL SALVADOR,11/06/2020,108,4,90,0,0
EL SALVADOR,12/06/2020,122,4,151,0,0
EL SALVADOR,13/06/2020,117,0,99,0,0
EL SALVADOR,14/06/2020,106,2,75,0,0
EL SALVADOR,15/06/2020,115,2,129,0,0
EL SALVADOR,16/06/2020,125,2,96,0,0
EL SALVADOR,17/06/2020,134,4,98,0,0
EL SALVADOR,18/06/2020,129,4,75,0,0
EL SALVADOR,19/06/2020,146,7,139,0,0
EL SALVADOR,20/06/2020,151,5,86,0,0
EL SALVADOR,21/06/2020,182,9,120,0,0
EL SALVADOR,22/06/2020,165,6,159,0,0
EL SALVADOR,23/06/2020,177,6,110,0,0
EL SALVADOR,24/06/2020,186,7,192,0,0
EL SALVADOR,25/06/2020,181,7,175,0,0
EL SALVADOR,26/06/2020,210,10,156,0,0
EL SALVADOR,27/06/2020,207,9,110,0,0
EL SALVADOR,28/06/2020,239,12,91,0,0
EL SALVADOR,29/06/2020,265,10,122,0,0
EL SALVADOR,30/06/2020,298,8,194,0,0
EL SALVADOR,01/07/2020,264,9,151,0,0
EL SALVADOR,02/07/2020,267,11,153,0,0
EL SALVADOR,03/07/2020,240,8,166,0,0
EL SALVADOR,04/07/2020,270,7,139,0,0
EL SALVADOR,05/07/2020,250,6,157,0,0
EL SALVADOR,06/07/2020,280,6,199,0,0
EL SALVADOR,07/07/2020,259,6,204,0,0
EL SALVADOR,08/07/2020,278,8,156,0,0
EL SALVADOR,09/07/2020,298,6,139,0,0
EL SALVADOR,10/07/2020,249,5,88,0,0
EL SALVADOR,11/07/2020,283,6,118,0,0
EL SALVADOR,12/07/2020,304,7,98,0,0
EL SALVADOR,13/07/2020,325,11,187,0,0
EL SALVADOR,14/07/2020,342,8,201,0,0
EL SALVADOR,15/07/2020,312,12,137,0,0
EL SALVADOR,16/07/2020,250,11,165,0,0
EL SALVADOR,17/07/2020,301,15,138,0,0
EL SALVADOR,18/07/2020,338,11,145,0,0
EL SALVADOR,19/07/2020,361,9,126,0,0
EL SALVADOR,20/07/2020,375,8,134,0,0
EL SALVADOR,21/07/2020,393,11,154,0,0
EL SALVADOR,22/07/2020,402,9,157,0,0
EL SALVADOR,23/07/2020,415,7,139,0,0
EL SALVADOR,24/07/2020,429,11,134,0,0
EL SALVADOR,25/07/2020,409,10,99,0,0
EL SALVADOR,26/07/2020,405,8,130,0,0
EL SALVADOR,27/07/2020,411,9,125,0,0
EL SALVADOR,28/07/2020,395,13,168,0,0
EL SALVADOR,29/07/2020,389,9,135,0,0
EL SALVADOR,30/07/2020,402,9,156,0,0
EL SALVADOR,31/07/2020,418,11,133,0,0
EL SALVADOR,01/08/2020,398,8,139,0,0
EL SALVADOR,02/08/2020,395,10,175,0,0
EL SALVADOR,03/08/2020,419,9,36,0,0
EL SALVADOR,04/08/2020,439,12,266,0,0
EL SALVADOR,05/08/2020,425,15,125,0,0
EL SALVADOR,06/08/2020,418,7,143,0,0
EL SALVADOR,07/08/2020,434,16,136,0,0
EL SALVADOR,08/08/2020,445,13,111,0,0
EL SALVADOR,09/08/2020,449,14,26,0,0
EL SALVADOR,10/08/2020,397,7,223,0,0
EL SALVADOR,11/08/2020,375,7,181,0,0
EL SALVADOR,12/08/2020,349,7,198,0,0
EL SALVADOR,13/08/2020,321,11,201,0,0
EL SALVADOR,14/08/2020,305,8,163,0,0
EL SALVADOR,15/08/2020,293,9,189,0,0
EL SALVADOR,16/08/2020,281,6,170,0,0
EL SALVADOR,17/08/2020,269,7,202,0,0
EL SALVADOR,18/08/2020,255,8,209,0,0
EL SALVADOR,19/08/2020,247,7,40,0,0
EL SALVADOR,20/08/2020,236,6,353,0,0
EL SALVADOR,21/08/2020,220,8,240,0,0
EL SALVADOR,22/08/2020,202,7,225,0,0
EL SALVADOR,23/08/2020,189,8,246,0,0
EL SALVADOR,24/08/2020,175,9,225,,
EL SALVADOR,25/08/2020,154,9,329,,
EL SALVADOR,26/08/2020,144,7,245,,
EL SALVADOR,27/08/2020,131,8,279,,
EL SALVADOR,28/08/2020,122,6,229,,
EL SALVADOR,29/08/2020,98,5,214,,
EL SALVADOR,30/08/2020,94,4,279,,
EL SALVADOR,31/08/2020,91,7,278,,
GUATEMALA,13/03/2020,1,0,0,0,
GUATEMALA,14/03/2020,0,0,0,0,
GUATEMALA,15/03/2020,6,1,0,0,
GUATEMALA,16/03/2020,0,0,0,0,
GUATEMALA,17/03/2020,1,0,0,0,
GUATEMALA,18/03/2020,3,0,0,0,
GUATEMALA,19/03/2020,4,0,0,0,
GUATEMALA,20/03/2020,5,0,0,0,
GUATEMALA,21/03/2020,1,0,0,0,
GUATEMALA,22/03/2020,3,0,0,0,
GUATEMALA,23/03/2020,0,0,0,0,
GUATEMALA,24/03/2020,3,0,0,0,
GUATEMALA,25/03/2020,4,0,4,0,
GUATEMALA,26/03/2020,0,0,1,0,
GUATEMALA,27/03/2020,6,0,0,0,
GUATEMALA,28/03/2020,3,0,5,0,
GUATEMALA,29/03/2020,3,0,0,0,
GUATEMALA,30/03/2020,3,0,0,0,
GUATEMALA,31/03/2020,6,0,2,0,
GUATEMALA,01/04/2020,2,0,0,0,
GUATEMALA,02/04/2020,6,0,0,0,
GUATEMALA,03/04/2020,9,0,0,0,
GUATEMALA,04/04/2020,2,2,3,0,
GUATEMALA,05/04/2020,10,1,0,0,
GUATEMALA,06/04/2020,5,0,2,0,
GUATEMALA,07/04/2020,7,0,0,0,
GUATEMALA,08/04/2020,40,0,0,0,
GUATEMALA,09/04/2020,10,0,0,0,
GUATEMALA,10/04/2020,6,0,2,0,
GUATEMALA,11/04/2020,19,2,0,0,
GUATEMALA,12/04/2020,9,0,0,0,
GUATEMALA,13/04/2020,4,0,0,0,0
GUATEMALA,14/04/2020,8,0,0,0,0
GUATEMALA,15/04/2020,74,0,0,0,0
GUATEMALA,16/04/2020,19,1,2,0,0
GUATEMALA,17/04/2020,7,2,0,0,0
GUATEMALA,18/04/2020,3,1,0,0,0
GUATEMALA,19/04/2020,18,0,1,0,0
GUATEMALA,20/04/2020,13,1,2,0,0
GUATEMALA,21/04/2020,66,1,0,0,0
GUATEMALA,22/04/2020,41,0,1,0,0
GUATEMALA,23/04/2020,43,1,5,0,0
GUATEMALA,24/04/2020,12,0,0,0,0
GUATEMALA,25/04/2020,67,3,15,0,0
GUATEMALA,26/04/2020,17,0,4,0,0
GUATEMALA,27/04/2020,26,0,0,0,0
GUATEMALA,28/04/2020,21,1,13,0,0
GUATEMALA,29/04/2020,35,0,3,0,0
GUATEMALA,30/04/2020,31,0,1,0,0
GUATEMALA,01/05/2020,34,1,6,0,0
GUATEMALA,02/05/2020,6,1,0,0,0
GUATEMALA,03/05/2020,10,1,0,0,0
GUATEMALA,04/05/2020,38,1,7,0,0
GUATEMALA,05/05/2020,21,1,0,0,0
GUATEMALA,06/05/2020,42,1,7,0,0
GUATEMALA,07/05/2020,58,2,4,0,0
GUATEMALA,08/05/2020,28,1,11,0,0
GUATEMALA,09/05/2020,144,0,3,0,0
GUATEMALA,10/05/2020,49,0,6,0,0
GUATEMALA,11/05/2020,64,4,1,0,0
GUATEMALA,12/05/2020,79,2,9,0,0
GUATEMALA,13/05/2020,138,2,1,0,0
GUATEMALA,14/05/2020,175,3,8,0,0
GUATEMALA,15/05/2020,158,2,6,0,0
GUATEMALA,16/05/2020,106,4,3,0,0
GUATEMALA,17/05/2020,87,6,0,0,0
GUATEMALA,18/05/2020,155,6,1,0,0
GUATEMALA,19/05/2020,246,6,16,0,0
GUATEMALA,20/05/2020,211,8,4,0,0
GUATEMALA,21/05/2020,300,9,63,0,0
GUATEMALA,22/05/2020,424,8,0,0,0
GUATEMALA,23/05/2020,269,9,22,0,0
GUATEMALA,24/05/2020,339,13,14,0,0
GUATEMALA,25/05/2020,302,8,16,0,0
GUATEMALA,26/05/2020,257,11,15,0,0
GUATEMALA,27/05/2020,306,13,204,0,0
GUATEMALA,28/05/2020,269,12,72,0,0
GUATEMALA,29/05/2020,211,23,83,0,0
GUATEMALA,30/05/2020,299,12,58,0,0
GUATEMALA,31/05/2020,198,14,29,0,0
GUATEMALA,01/06/2020,279,16,60,0,0
GUATEMALA,02/06/2020,179,14,29,0,0
GUATEMALA,03/06/2020,265,29,105,0,0
GUATEMALA,04/06/2020,411,12,50,0,0
GUATEMALA,05/06/2020,397,16,74,0,0
GUATEMALA,06/06/2020,286,21,60,0,0
GUATEMALA,07/06/2020,316,14,148,0,0
GUATEMALA,08/06/2020,343,25,62,0,0
GUATEMALA,09/06/2020,365,21,90,0,0
GUATEMALA,10/06/2020,431,22,91,0,0
GUATEMALA,11/06/2020,218,29,63,0,0
GUATEMALA,12/06/2020,413,25,135,0,0
GUATEMALA,13/06/2020,96,22,102,0,0
GUATEMALA,14/06/2020,304,21,82,0,0
GUATEMALA,15/06/2020,554,28,80,0,0
GUATEMALA,16/06/2020,718,23,130,0,0
GUATEMALA,17/06/2020,552,22,104,0,0
GUATEMALA,18/06/2020,810,34,90,0,0
GUATEMALA,19/06/2020,486,20,129,0,0
GUATEMALA,20/06/2020,253,15,139,0,0
GUATEMALA,21/06/2020,418,29,153,0,0
GUATEMALA,22/06/2020,779,27,107,0,0
GUATEMALA,23/06/2020,777,28,79,0,0
GUATEMALA,24/06/2020,348,33,33,0,0
GUATEMALA,25/06/2020,1028,30,19,0,0
GUATEMALA,26/06/2020,673,33,79,0,0
GUATEMALA,27/06/2020,571,41,95,0,0
GUATEMALA,28/06/2020,473,43,29,0,0
GUATEMALA,29/06/2020,758,38,18,0,0
GUATEMALA,30/06/2020,1007,29,24,0,0
GUATEMALA,01/07/2020,1132,37,,0,0
GUATEMALA,02/07/2020,1280,38,,0,0
GUATEMALA,03/07/2020,1324,38,,0,0
GUATEMALA,04/07/2020,790,36,,0,0
GUATEMALA,05/07/2020,700,44,,0,0
GUATEMALA,06/07/2020,898,61,,0,0
GUATEMALA,07/07/2020,674,36,,0,0
GUATEMALA,08/07/2020,1238,55,,0,0
GUATEMALA,09/07/2020,1002,49,,0,0
GUATEMALA,10/07/2020,1007,59,,0,0
GUATEMALA,11/07/2020,805,61,,0,0
GUATEMALA,12/07/2020,408,44,,0,0
GUATEMALA,13/07/2020,1220,65,,0,0
GUATEMALA,14/07/2020,1259,37,,0,0
GUATEMALA,15/07/2020,938,39,,0,0
GUATEMALA,16/07/2020,1021,48,,0,0
GUATEMALA,17/07/2020,1191,40,,0,0
GUATEMALA,18/07/2020,666,53,,0,0
GUATEMALA,19/07/2020,340,40,,0,0
GUATEMALA,20/07/2020,1293,50,,0,0
GUATEMALA,21/07/2020,1128,31,,0,0
GUATEMALA,22/07/2020,1073,43,,0,0
GUATEMALA,23/07/2020,1018,34,,0,0
GUATEMALA,24/07/2020,1273,39,,0,0
GUATEMALA,25/07/2020,637,34,,0,0
GUATEMALA,26/07/2020,260,34,,0,0
GUATEMALA,27/07/2020,1207,35,,0,0
GUATEMALA,28/07/2020,1178,29,,0,0
GUATEMALA,29/07/2020,1276,40,,0,0
GUATEMALA,30/07/2020,1002,28,,0,0
GUATEMALA,31/07/2020,1167,21,,0,0
GUATEMALA,01/08/2020,358,28,,0,0
GUATEMALA,02/08/2020,226,43,,0,0
GUATEMALA,03/08/2020,794,29,,0,0
GUATEMALA,04/08/2020,1145,35,,0,0
GUATEMALA,05/08/2020,826,33,,0,0
GUATEMALA,06/08/2020,948,19,,0,0
GUATEMALA,07/08/2020,920,35,,0,0
GUATEMALA,08/08/2020,424,15,,0,0
GUATEMALA,09/08/2020,391,21,,0,0
GUATEMALA,10/08/2020,1005,31,,0,0
GUATEMALA,11/08/2020,1179,29,,0,0
GUATEMALA,12/08/2020,1232,27,,0,0
GUATEMALA,13/08/2020,1138,30,,0,0
GUATEMALA,14/08/2020,894,26,,0,0
GUATEMALA,15/08/2020,339,10,,0,0
GUATEMALA,16/08/2020,310,26,,0,0
GUATEMALA,17/08/2020,914,18,,0,0
GUATEMALA,18/08/2020,1051,35,,0,0
GUATEMALA,19/08/2020,1137,23,,0,0
GUATEMALA,20/08/2020,1061,26,,0,0
GUATEMALA,21/08/2020,944,18,,0,0
GUATEMALA,22/08/2020,334,12,,0,0
GUATEMALA,23/08/2020,341,10,,0,0
GUATEMALA,24/08/2020,1161,22,,,
GUATEMALA,25/08/2020,1091,22,,,
GUATEMALA,26/08/2020,1140,24,,,
GUATEMALA,27/08/2020,1073,7,,,
GUATEMALA,28/08/2020,763,19,,,
GUATEMALA,29/08/2020,233,16,,,
GUATEMALA,30/08/2020,167,10,,,
GUATEMALA,31/08/2020,824,12,,,
MEXICO,28/02/2020,3,0,0,0,0
MEXICO,29/02/2020,1,0,0,0,0
MEXICO,01/03/2020,1,0,0,0,0
MEXICO,02/03/2020,0,0,0,0,0
MEXICO,03/03/2020,0,0,0,0,0
MEXICO,04/03/2020,0,0,0,0,0
MEXICO,05/03/2020,0,0,0,0,0
MEXICO,06/03/2020,1,0,0,0,0
MEXICO,07/03/2020,1,0,0,0,0
MEXICO,08/03/2020,0,0,0,0,0
MEXICO,09/03/2020,0,0,0,0,0
MEXICO,10/03/2020,1,0,0,0,0
MEXICO,11/03/2020,3,0,0,0,0
MEXICO,12/03/2020,4,0,0,0,0
MEXICO,13/03/2020,11,0,0,0,0
MEXICO,14/03/2020,15,0,0,0,0
MEXICO,15/03/2020,12,0,0,0,0
MEXICO,16/03/2020,29,0,0,0,0
MEXICO,17/03/2020,11,0,0,0,0
MEXICO,18/03/2020,25,0,0,0,0
MEXICO,19/03/2020,46,0,3,0,0
MEXICO,20/03/2020,39,2,0,0,0
MEXICO,21/03/2020,48,0,0,0,0
MEXICO,22/03/2020,65,0,0,0,0
MEXICO,23/03/2020,51,2,0,0,0
MEXICO,24/03/2020,38,1,0,0,0
MEXICO,25/03/2020,70,1,0,0,0
MEXICO,26/03/2020,110,2,0,0,0
MEXICO,27/03/2020,132,4,0,0,0
MEXICO,28/03/2020,131,4,0,0,0
MEXICO,29/03/2020,145,4,0,0,0
MEXICO,30/03/2020,101,8,0,0,0
MEXICO,31/03/2020,121,1,0,0,0
MEXICO,01/04/2020,163,8,0,0,0
MEXICO,02/04/2020,132,13,0,0,0
MEXICO,03/04/2020,178,10,0,0,0
MEXICO,04/04/2020,202,19,0,0,0
MEXICO,05/04/2020,253,15,0,0,0
MEXICO,06/04/2020,296,31,0,0,0
MEXICO,07/04/2020,346,16,0,0,0
MEXICO,08/04/2020,396,33,0,0,0
MEXICO,09/04/2020,260,20,0,0,0
MEXICO,10/04/2020,403,39,0,0,0
MEXICO,11/04/2020,375,40,1,0,0
MEXICO,12/04/2020,442,23,1088,0,0
MEXICO,13/04/2020,353,36,242,0,0
MEXICO,14/04/2020,385,74,161,0,0
MEXICO,15/04/2020,448,43,157,0,0
MEXICO,16/04/2020,450,37,169,0,0
MEXICO,17/04/2020,578,60,176,0,0
MEXICO,18/04/2020,622,104,220,0,0
MEXICO,19/04/2020,764,36,240,0,0
MEXICO,20/04/2020,511,26,0,0,0
MEXICO,21/04/2020,729,145,0,0,0
MEXICO,22/04/2020,1043,113,0,0,0
MEXICO,23/04/2020,1089,99,0,0,0
MEXICO,24/04/2020,1239,152,0,0,0
MEXICO,25/04/2020,970,84,4062,0,0
MEXICO,26/04/2020,835,46,1205,0,0
MEXICO,27/04/2020,852,83,732,0,0
MEXICO,28/04/2020,1223,135,768,0,0
MEXICO,29/04/2020,1047,163,769,0,0
MEXICO,30/04/2020,1425,127,800,0,0
MEXICO,01/05/2020,1515,113,954,0,0
MEXICO,02/05/2020,1349,89,1070,0,0
MEXICO,03/05/2020,1383,93,937,0,0
MEXICO,04/05/2020,1434,117,1554,0,0
MEXICO,05/05/2020,1120,236,872,0,0
MEXICO,06/05/2020,1609,197,971,0,0
MEXICO,07/05/2020,1982,257,1072,0,0
MEXICO,08/05/2020,1906,199,1461,0,0
MEXICO,09/05/2020,1938,193,1510,0,0
MEXICO,10/05/2020,1562,112,1276,0,0
MEXICO,11/05/2020,1305,108,1366,0,0
MEXICO,12/05/2020,1997,353,1115,0,0
MEXICO,13/05/2020,1862,294,1409,0,0
MEXICO,14/05/2020,2409,257,1485,0,0
MEXICO,15/05/2020,2437,290,1976,0,0
MEXICO,16/05/2020,2112,278,1397,0,0
MEXICO,17/05/2020,2075,132,1481,0,0
MEXICO,18/05/2020,2414,155,2059,0,0
MEXICO,19/05/2020,2713,334,1937,0,0
MEXICO,20/05/2020,2248,424,1551,0,0
MEXICO,21/05/2020,2973,420,1781,0,0
MEXICO,22/05/2020,2960,479,2068,0,0
MEXICO,23/05/2020,3329,190,2194,0,0
MEXICO,24/05/2020,2764,215,2505,0,0
MEXICO,25/05/2020,2485,239,2466,0,0
MEXICO,26/05/2020,3455,501,2329,0,0
MEXICO,27/05/2020,3463,463,2164,0,0
MEXICO,28/05/2020,3377,447,2255,0,0
MEXICO,29/05/2020,3227,371,2972,0,0
MEXICO,30/05/2020,2885,364,2261,0,0
MEXICO,31/05/2020,3152,151,2455,0,0
MEXICO,01/06/2020,2771,237,3165,0,0
MEXICO,02/06/2020,3891,470,2817,0,0
MEXICO,03/06/2020,3912,1092,2963,0,0
MEXICO,04/06/2020,4442,816,2177,0,0
MEXICO,05/06/2020,4346,625,3142,0,0
MEXICO,06/06/2020,3593,341,2954,0,0
MEXICO,07/06/2020,3484,188,2875,0,0
MEXICO,08/06/2020,2999,354,3798,0,0
MEXICO,09/06/2020,4199,596,3195,0,0
MEXICO,10/06/2020,4883,708,3321,0,0
MEXICO,11/06/2020,4790,587,3331,0,0
MEXICO,12/06/2020,5222,504,3703,0,0
MEXICO,13/06/2020,3494,424,3208,0,0
MEXICO,14/06/2020,4147,269,3135,0,0
MEXICO,15/06/2020,3427,439,4896,0,0
MEXICO,16/06/2020,4599,730,3172,0,0
MEXICO,17/06/2020,4930,770,3177,0,0
MEXICO,18/06/2020,5662,667,3740,0,0
MEXICO,19/06/2020,5030,647,4237,0,0
MEXICO,20/06/2020,4717,387,4354,0,0
MEXICO,21/06/2020,5343,1044,3593,0,0
MEXICO,22/06/2020,4577,759,4839,0,0
MEXICO,23/06/2020,6288,793,4330,0,0
MEXICO,24/06/2020,5437,947,4870,0,0
MEXICO,25/06/2020,6104,736,-32456,0,0
MEXICO,26/06/2020,5441,719,3700,0,0
MEXICO,27/06/2020,4410,602,3235,0,0
MEXICO,28/06/2020,4050,267,3046,0,0
MEXICO,29/06/2020,3805,473,4421,0,0
MEXICO,30/06/2020,5432,648,3693,0,0
MEXICO,01/07/2020,5681,741,3362,0,0
MEXICO,02/07/2020,6741,679,4274,0,0
MEXICO,03/07/2020,6740,654,4612,0,0
MEXICO,04/07/2020,6914,523,5104,0,0
MEXICO,05/07/2020,4683,273,3295,0,0
MEXICO,06/07/2020,4902,480,4053,0,0
MEXICO,07/07/2020,6258,895,3989,0,0
MEXICO,08/07/2020,6995,782,4149,0,0
MEXICO,09/07/2020,7280,730,4435,0,0
MEXICO,10/07/2020,6891,665,4867,0,0
MEXICO,11/07/2020,6094,539,3755,0,0
MEXICO,12/07/2020,4482,276,3912,0,0
MEXICO,13/07/2020,4685,485,4299,0,0
MEXICO,14/07/2020,7051,836,4913,0,0
MEXICO,15/07/2020,6149,579,5153,0,0
MEXICO,16/07/2020,6406,668,4335,0,0
MEXICO,17/07/2020,7257,736,4972,0,0
MEXICO,18/07/2020,7615,578,4570,0,0
MEXICO,19/07/2020,5311,296,4417,0,0
MEXICO,20/07/2020,5172,301,4645,0,0
MEXICO,21/07/2020,6859,915,5097,0,0
MEXICO,22/07/2020,6019,790,4238,0,0
MEXICO,23/07/2020,8438,718,4806,0,0
MEXICO,24/07/2020,7573,737,6483,0,0
MEXICO,25/07/2020,6751,729,4486,0,0
MEXICO,26/07/2020,5480,306,4327,0,0
MEXICO,27/07/2020,4973,342,5272,0,0
MEXICO,28/07/2020,7208,854,4680,0,0
MEXICO,29/07/2020,5752,485,5690,0,0
MEXICO,30/07/2020,7730,639,5040,0,0
MEXICO,31/07/2020,8458,688,6431,0,0
MEXICO,01/08/2020,9556,784,6229,0,0
MEXICO,02/08/2020,4853,274,4547,0,0
MEXICO,03/08/2020,4767,266,6283,0,0
MEXICO,04/08/2020,6148,857,4577,0,0
MEXICO,05/08/2020,6139,829,4454,0,0
MEXICO,06/08/2020,6590,819,4140,0,0
MEXICO,07/08/2020,6717,794,4538,0,0
MEXICO,08/08/2020,6495,695,5252,0,0
MEXICO,09/08/2020,4376,292,3827,0,0
MEXICO,10/08/2020,5558,705,5528,0,0
MEXICO,11/08/2020,6686,926,4807,0,0
MEXICO,12/08/2020,5858,737,3835,0,0
MEXICO,13/08/2020,7371,627,4872,0,0
MEXICO,14/08/2020,5618,615,4146,0,0
MEXICO,15/08/2020,6345,635,5719,0,0
MEXICO,16/08/2020,4448,214,3729,0,0
MEXICO,17/08/2020,3571,266,4246,0,0
MEXICO,18/08/2020,5506,751,3960,0,0
MEXICO,19/08/2020,5792,707,4230,0,0
MEXICO,20/08/2020,6775,625,4101,0,0
MEXICO,21/08/2020,5928,504,4771,0,0
MEXICO,22/08/2020,6482,644,4083,0,0
MEXICO,23/08/2020,3948,226,3380,0,0
MEXICO,24/08/2020,3541,320,5252,,
MEXICO,25/08/2020,4916,650,3977,,
MEXICO,26/08/2020,5267,626,3657,,
MEXICO,27/08/2020,6026,518,3721,,
MEXICO,28/08/2020,5824,552,4188,,
MEXICO,29/08/2020,5974,673,4460,,
MEXICO,30/08/2020,4129,339,3453,,
MEXICO,31/08/2020,3719,256,4158,,
PERU,06/03/2020,1,0,0,,
PERU,07/03/2020,5,0,0,,
PERU,08/03/2020,1,0,0,,
PERU,09/03/2020,2,0,0,,
PERU,10/03/2020,2,0,0,,
PERU,11/03/2020,6,0,0,,
PERU,12/03/2020,5,0,0,,
PERU,13/03/2020,16,0,0,,
PERU,14/03/2020,5,0,0,,
PERU,15/03/2020,28,0,0,,
PERU,16/03/2020,15,0,0,,
PERU,17/03/2020,31,0,0,,
PERU,18/03/2020,28,0,0,,
PERU,19/03/2020,89,2,1,,
PERU,20/03/2020,29,2,0,,
PERU,21/03/2020,55,1,0,,
PERU,22/03/2020,45,0,0,,
PERU,23/03/2020,32,0,0,,
PERU,24/03/2020,21,2,0,,
PERU,25/03/2020,64,2,0,,
PERU,26/03/2020,100,0,13,,
PERU,27/03/2020,55,2,0,,
PERU,28/03/2020,36,5,2,,
PERU,29/03/2020,181,2,0,,
PERU,30/03/2020,98,6,37,,
PERU,31/03/2020,115,6,341,,
PERU,01/04/2020,258,17,53,,
PERU,02/04/2020,91,8,90,,
PERU,03/04/2020,181,6,90,,
PERU,04/04/2020,151,0,287,,
PERU,05/04/2020,535,22,75,,
PERU,06/04/2020,280,9,8,,
PERU,07/04/2020,393,15,234,,
PERU,08/04/2020,1388,14,102,,
PERU,09/04/2020,914,17,105,,
PERU,10/04/2020,641,31,131,,
PERU,11/04/2020,951,12,170,,
PERU,12/04/2020,671,12,59,,
PERU,13/04/2020,2265,23,844,,
PERU,14/04/2020,519,14,227,,
PERU,15/04/2020,1172,24,239,,
PERU,16/04/2020,1016,20,3012,,
PERU,17/04/2020,998,26,421,,
PERU,18/04/2020,931,48,143,,
PERU,19/04/2020,1208,52,127,,
PERU,20/04/2020,697,45,157,,
PERU,21/04/2020,1512,39,14,,
PERU,22/04/2020,1413,46,45,,
PERU,23/04/2020,1664,42,395,,
PERU,24/04/2020,734,62,74,,
PERU,25/04/2020,3683,66,301,,
PERU,26/04/2020,2186,28,291,,
PERU,27/04/2020,1182,54,337,,
PERU,28/04/2020,2491,72,754,,
PERU,29/04/2020,2741,89,858,,
PERU,30/04/2020,3045,108,368,,
PERU,01/05/2020,3483,73,724,,
PERU,02/05/2020,2075,76,1305,,
PERU,03/05/2020,3394,86,1116,,
PERU,04/05/2020,1444,58,877,,
PERU,05/05/2020,3817,100,986,,
PERU,06/05/2020,3628,89,2114,,
PERU,07/05/2020,3709,94,861,,
PERU,08/05/2020,3321,87,624,,
PERU,09/05/2020,3168,100,1234,,
PERU,10/05/2020,2292,75,1103,,
PERU,11/05/2020,1515,72,1057,,
PERU,12/05/2020,3237,96,918,,
PERU,13/05/2020,4247,112,1000,,
PERU,14/05/2020,4298,98,827,,
PERU,15/05/2020,3891,125,1996,,
PERU,16/05/2020,4046,131,1125,,
PERU,17/05/2020,3732,125,349,,
PERU,18/05/2020,2660,141,1685,,
PERU,19/05/2020,4550,125,6218,,
PERU,20/05/2020,4537,110,5444,,
PERU,21/05/2020,4749,124,1619,,
PERU,22/05/2020,2929,96,1261,,
PERU,23/05/2020,4056,129,3067,,
PERU,24/05/2020,4205,83,1880,,
PERU,25/05/2020,4020,173,1154,,
PERU,26/05/2020,5772,159,1957,,
PERU,27/05/2020,6154,195,3263,,
PERU,28/05/2020,5874,116,3273,,
PERU,29/05/2020,6506,131,3349,,
PERU,30/05/2020,7386,141,3656,,
PERU,31/05/2020,8805,135,761,,
PERU,01/06/2020,5563,128,1299,,
PERU,02/06/2020,4845,133,750,,
PERU,03/06/2020,4030,127,3062,,
PERU,04/06/2020,4284,137,3909,,
PERU,05/06/2020,4202,131,2986,,
PERU,06/06/2020,4358,139,3517,,
PERU,07/06/2020,4757,164,3488,,
PERU,08/06/2020,3181,106,3337,,
PERU,09/06/2020,4040,167,3373,,
PERU,10/06/2020,5087,165,5102,,
PERU,11/06/2020,5965,206,4398,,
PERU,12/06/2020,5961,199,4704,,
PERU,13/06/2020,4383,190,4591,,
PERU,14/06/2020,4604,190,3855,,
PERU,15/06/2020,3256,172,3830,,
PERU,16/06/2020,4164,196,5796,,
PERU,17/06/2020,3752,201,3417,,
PERU,18/06/2020,3480,204,2568,,
PERU,19/06/2020,3537,199,4330,,
PERU,20/06/2020,3413,201,3243,,
PERU,21/06/2020,3598,184,3204,,
PERU,22/06/2020,2511,178,3353,,
PERU,23/06/2020,3363,181,3117,,
PERU,24/06/2020,3879,182,3152,,
PERU,25/06/2020,3913,175,4485,,
PERU,26/06/2020,3762,178,3732,,
PERU,27/06/2020,3625,196,4218,,
PERU,28/06/2020,3430,182,3974,,
PERU,29/06/2020,2946,187,3161,,
PERU,30/06/2020,2848,173,3376,,
PERU,01/07/2020,3264,183,3710,,
PERU,02/07/2020,3527,185,3852,,
PERU,03/07/2020,3595,181,3755,,
PERU,04/07/2020,3481,186,3769,,
PERU,05/07/2020,3638,177,4336,,
PERU,06/07/2020,2985,183,3662,,
PERU,07/07/2020,3575,180,3319,,
PERU,08/07/2020,3633,181,3810,,
PERU,09/07/2020,3537,181,3054,,
PERU,10/07/2020,3198,186,2836,,
PERU,11/07/2020,3064,182,3514,,
PERU,12/07/2020,3616,188,2959,,
PERU,13/07/2020,3797,184,3897,,
PERU,14/07/2020,3744,175,2253,,
PERU,15/07/2020,3857,188,3139,,
PERU,16/07/2020,3862,198,4594,,
PERU,17/07/2020,3951,184,2988,,
PERU,18/07/2020,3963,199,4104,,
PERU,19/07/2020,4090,189,3869,,
PERU,20/07/2020,4091,197,3126,,
PERU,21/07/2020,4406,195,3665,,
PERU,22/07/2020,4463,3876,3500,,
PERU,23/07/2020,4546,199,3699,,
PERU,24/07/2020,4865,189,3478,,
PERU,25/07/2020,3923,187,-259423,,
PERU,26/07/2020,4913,199,267850,,
PERU,27/07/2020,4920,189,4697,,
PERU,28/07/2020,5288,194,3905,,
PERU,29/07/2020,5678,204,3592,,
PERU,30/07/2020,6809,205,3871,,
PERU,31/07/2020,3621.5,98,1606,,
PERU,01/08/2020,3621.5,98,1606,,
PERU,02/08/2020,14115,397,7060,,
PERU,03/08/2020,4250,197,3904,,
PERU,04/08/2020,6790,196,4366,,
PERU,05/08/2020,7734,221,3973,,
PERU,06/08/2020,7785,196,3907,,
PERU,07/08/2020,8466,225,3995,,
PERU,08/08/2020,7137,195,4839,,
PERU,09/08/2020,7012,228,4849,,
PERU,10/08/2020,5109,204,5384,,
PERU,11/08/2020,6547,225,6352,,
PERU,12/08/2020,8875,212,6182,,
PERU,13/08/2020,9441,3935,6068,,
PERU,14/08/2020,8300,208,6226,,
PERU,15/08/2020,9507,219,5549,,
PERU,16/08/2020,10143,206,5586,,
PERU,17/08/2020,5547,200,5350,,
PERU,18/08/2020,7828,177,3302,,
PERU,19/08/2020,9099,176,3434,,
PERU,20/08/2020,8639,200,3277,,
PERU,21/08/2020,9008,211,4178,,
PERU,22/08/2020,9169,208,6236,,
PERU,23/08/2020,9090,210,8213,,
PERU,24/08/2020,6112,150,7944,,
PERU,25/08/2020,6944,188,7276,,
PERU,26/08/2020,5996,123,7300,,
PERU,27/08/2020,8619,153,7785,,
PERU,28/08/2020,7964,194,8355,,
PERU,29/08/2020,9474,136,8658,,
PERU,30/08/2020,7731,181,8782,,
PERU,31/08/2020,4871,156,6872,,
PUERTO RICO,13/03/2020,3,0,0,0,0
PUERTO RICO,14/03/2020,0,0,0,0,0
PUERTO RICO,15/03/2020,2,0,0,0,0
PUERTO RICO,16/03/2020,0,0,0,0,0
PUERTO RICO,17/03/2020,0,0,0,0,0
PUERTO RICO,18/03/2020,0,0,0,0,0
PUERTO RICO,19/03/2020,1,0,0,0,0
PUERTO RICO,20/03/2020,8,0,0,0,0
PUERTO RICO,21/03/2020,7,1,0,0,0
PUERTO RICO,22/03/2020,2,0,0,0,0
PUERTO RICO,23/03/2020,8,1,0,0,0
PUERTO RICO,24/03/2020,8,0,0,0,0
PUERTO RICO,25/03/2020,12,0,0,0,0
PUERTO RICO,26/03/2020,13,0,0,0,0
PUERTO RICO,27/03/2020,15,1,0,0,0
PUERTO RICO,28/03/2020,21,2,0,0,0
PUERTO RICO,29/03/2020,27,0,0,0,0
PUERTO RICO,30/03/2020,47,1,0,0,0
PUERTO RICO,31/03/2020,65,2,0,0,0
PUERTO RICO,01/04/2020,47,3,0,0,0
PUERTO RICO,02/04/2020,30,1,0,0,0
PUERTO RICO,03/04/2020,62,3,0,0,0
PUERTO RICO,04/04/2020,74,3,0,0,0
PUERTO RICO,05/04/2020,23,2,0,0,0
PUERTO RICO,06/04/2020,38,1,0,0,0
PUERTO RICO,07/04/2020,60,2,0,0,0
PUERTO RICO,08/04/2020,47,1,0,0,0
PUERTO RICO,09/04/2020,63,9,0,0,0
PUERTO RICO,10/04/2020,42,6,0,0,0
PUERTO RICO,11/04/2020,63,3,0,0,0
PUERTO RICO,12/04/2020,109,2,0,0,0
PUERTO RICO,13/04/2020,6,1,0,0,0
PUERTO RICO,14/04/2020,20,0,0,0,0
PUERTO RICO,15/04/2020,51,6,0,0,0
PUERTO RICO,16/04/2020,69,5,0,0,0
PUERTO RICO,17/04/2020,25,2,0,0,0
PUERTO RICO,18/04/2020,50,2,0,0,0
PUERTO RICO,19/04/2020,95,2,0,0,0
PUERTO RICO,20/04/2020,39,1,0,0,0
PUERTO RICO,21/04/2020,46,1,0,0,0
PUERTO RICO,22/04/2020,80,3,0,0,0
PUERTO RICO,23/04/2020,38,2,0,0,0
PUERTO RICO,24/04/2020,31,14,0,0,0
PUERTO RICO,25/04/2020,64,1,0,0,0
PUERTO RICO,26/04/2020,18,0,0,0,0
PUERTO RICO,27/04/2020,11,2,0,0,0
PUERTO RICO,28/04/2020,33,0,0,0,0
PUERTO RICO,29/04/2020,106,6,0,0,0
PUERTO RICO,30/04/2020,36,2,0,0,0
PUERTO RICO,01/05/2020,182,1,0,0,0
PUERTO RICO,02/05/2020,51,2,0,0,0
PUERTO RICO,03/05/2020,35,0,0,0,0
PUERTO RICO,04/05/2020,81,2,0,0,0
PUERTO RICO,05/05/2020,44,0,0,0,0
PUERTO RICO,06/05/2020,63,3,0,0,0
PUERTO RICO,07/05/2020,125,5,0,0,0
PUERTO RICO,08/05/2020,17,1,0,0,0
PUERTO RICO,09/05/2020,25,3,0,0,0
PUERTO RICO,10/05/2020,58,2,0,0,0
PUERTO RICO,11/05/2020,43,1,0,0,0
PUERTO RICO,12/05/2020,30,1,0,0,0
PUERTO RICO,13/05/2020,98,2,0,0,0
PUERTO RICO,14/05/2020,115,5,0,0,0
PUERTO RICO,15/05/2020,47,0,0,0,0
PUERTO RICO,16/05/2020,57,1,0,0,0
PUERTO RICO,17/05/2020,64,1,0,0,0
PUERTO RICO,18/05/2020,95,0,0,0,0
PUERTO RICO,19/05/2020,62,1,0,0,0
PUERTO RICO,20/05/2020,47,1,0,0,0
PUERTO RICO,21/05/2020,117,0,0,0,0
PUERTO RICO,22/05/2020,79,1,0,0,0
PUERTO RICO,23/05/2020,89,0,0,0,0
PUERTO RICO,24/05/2020,71,2,0,0,0
PUERTO RICO,25/05/2020,64,0,0,0,0
PUERTO RICO,26/05/2020,73,0,0,0,0
PUERTO RICO,27/05/2020,89,2,0,0,0
PUERTO RICO,28/05/2020,161,1,0,0,0
PUERTO RICO,29/05/2020,71,1,0,0,0
PUERTO RICO,30/05/2020,58,3,0,0,0
PUERTO RICO,31/05/2020,97,0,0,0,0
PUERTO RICO,01/06/2020,62,2,0,0,0
PUERTO RICO,02/06/2020,88,2,0,0,0
PUERTO RICO,03/06/2020,130,0,0,0,0
PUERTO RICO,04/06/2020,112,1,0,0,0
PUERTO RICO,05/06/2020,208,1,0,0,0
PUERTO RICO,06/06/2020,70,0,0,0,0
PUERTO RICO,07/06/2020,61,0,0,0,0
PUERTO RICO,08/06/2020,109,0,0,0,0
PUERTO RICO,09/06/2020,122,1,0,0,0
PUERTO RICO,10/06/2020,23,1,0,0,0
PUERTO RICO,11/06/2020,99,2,0,0,0
PUERTO RICO,12/06/2020,117,0,0,0,0
PUERTO RICO,13/06/2020,80,1,0,0,0
PUERTO RICO,14/06/2020,53,0,0,0,0
PUERTO RICO,15/06/2020,25,0,0,0,0
PUERTO RICO,16/06/2020,28,0,0,0,0
PUERTO RICO,17/06/2020,65,0,0,0,0
PUERTO RICO,18/06/2020,67,0,0,0,0
PUERTO RICO,19/06/2020,215,0,0,0,0
PUERTO RICO,20/06/2020,32,2,0,0,0
PUERTO RICO,21/06/2020,26,0,0,0,0
PUERTO RICO,22/06/2020,69,0,0,0,0
PUERTO RICO,23/06/2020,89,0,0,0,0
PUERTO RICO,24/06/2020,41,2,0,0,0
PUERTO RICO,25/06/2020,26,0,0,0,0
PUERTO RICO,26/06/2020,132,1,0,0,0
PUERTO RICO,27/06/2020,100,1,0,0,0
PUERTO RICO,28/06/2020,53,0,0,0,0
PUERTO RICO,29/06/2020,175,0,0,0,0
PUERTO RICO,30/06/2020,68,0,0,0,0
PUERTO RICO,01/07/2020,23,0,0,0,0
PUERTO RICO,02/07/2020,25,0,0,0,0
PUERTO RICO,03/07/2020,27,1,0,0,0
PUERTO RICO,04/07/2020,28,0,0,0,0
PUERTO RICO,05/07/2020,204,0,0,0,0
PUERTO RICO,06/07/2020,76,2,0,0,0
PUERTO RICO,07/07/2020,28,2,0,0,0
PUERTO RICO,08/07/2020,61,0,0,0,0
PUERTO RICO,09/07/2020,113,0,0,0,0
PUERTO RICO,10/07/2020,84,8,0,0,0
PUERTO RICO,11/07/2020,148,0,0,0,0
PUERTO RICO,12/07/2020,227,0,0,0,0
PUERTO RICO,13/07/2020,93,0,0,0,0
PUERTO RICO,14/07/2020,137,4,0,0,0
PUERTO RICO,15/07/2020,75,1,0,0,0
PUERTO RICO,16/07/2020,156,5,0,0,0
PUERTO RICO,17/07/2020,188,1,0,0,0
PUERTO RICO,18/07/2020,325,0,0,0,0
PUERTO RICO,19/07/2020,220,2,0,0,0
PUERTO RICO,20/07/2020,235,0,0,0,0
PUERTO RICO,21/07/2020,77,5,0,0,0
PUERTO RICO,22/07/2020,235,3,0,0,0
PUERTO RICO,23/07/2020,218,3,0,0,0
PUERTO RICO,24/07/2020,244,2,0,0,0
PUERTO RICO,25/07/2020,192,0,0,0,0
PUERTO RICO,26/07/2020,179,0,0,0,0
PUERTO RICO,27/07/2020,167,8,0,0,0
PUERTO RICO,28/07/2020,115,2,0,0,0
PUERTO RICO,29/07/2020,218,3,0,0,0
PUERTO RICO,30/07/2020,78,5,0,0,0
PUERTO RICO,31/07/2020,455,6,0,0,0
PUERTO RICO,01/08/2020,224,5,0,0,0
PUERTO RICO,02/08/2020,227,0,0,0,0
PUERTO RICO,03/08/2020,267,7,0,0,0
PUERTO RICO,04/08/2020,276,9,0,0,0
PUERTO RICO,05/08/2020,137,12,0,0,0
PUERTO RICO,06/08/2020,399,7,0,0,0
PUERTO RICO,07/08/2020,340,9,0,0,0
PUERTO RICO,08/08/2020,345,5,0,0,0
PUERTO RICO,09/08/2020,353,0,0,0,0
PUERTO RICO,10/08/2020,281,8,0,0,0
PUERTO RICO,11/08/2020,403,8,0,0,0
PUERTO RICO,12/08/2020,123,11,0,0,0
PUERTO RICO,13/08/2020,399,11,0,0,0
PUERTO RICO,14/08/2020,293,12,0,0,0
PUERTO RICO,15/08/2020,181,6,0,0,0
PUERTO RICO,16/08/2020,410,0,0,0,0
PUERTO RICO,17/08/2020,633,11,0,0,0
PUERTO RICO,18/08/2020,82,10,0,0,0
PUERTO RICO,19/08/2020,125,11,0,0,0
PUERTO RICO,20/08/2020,419,7,0,0,0
PUERTO RICO,21/08/2020,252,7,0,0,0
PUERTO RICO,22/08/2020,191,9,0,0,0
PUERTO RICO,23/08/2020,442,0,0,0,0
PUERTO RICO,24/08/2020,114,5,0,0,0
PUERTO RICO,25/08/2020,30,9,0,0,0
PUERTO RICO,26/08/2020,686,8,0,0,0
PUERTO RICO,27/08/2020,627,12,0,0,0
PUERTO RICO,28/08/2020,561,4,0,0,0
PUERTO RICO,29/08/2020,325,6,0,0,0
PUERTO RICO,30/08/2020,352,0,0,0,0
PUERTO RICO,31/08/2020,213,1,0,0,0
SPAIN,09/03/2020,762,13,0,0,59
SPAIN,10/03/2020,623,19,0,0,32
SPAIN,11/03/2020,506,12,0,0,42
SPAIN,12/03/2020,822,37,0,0,48
SPAIN,13/03/2020,1259,34,0,0,82
SPAIN,14/03/2020,1546,18,0,0,144
SPAIN,15/03/2020,2000,152,0,0,144
SPAIN,16/03/2020,1438,21,530,0,144
SPAIN,17/03/2020,1987,182,498,0,131
SPAIN,18/03/2020,2538,107,53,0,211
SPAIN,19/03/2020,3431,169,44,0,165
SPAIN,20/03/2020,2833,235,481,0,186
SPAIN,21/03/2020,4946,324,540,13282,487
SPAIN,22/03/2020,3646,394,484,2272,173
SPAIN,23/03/2020,4517,462,782,2820,570
SPAIN,24/03/2020,6584,514,439,4388,281
SPAIN,25/03/2020,7937,738,1573,4198,530
SPAIN,26/03/2020,8578,655,1648,4952,513
SPAIN,27/03/2020,7871,769,2342,4381,486
SPAIN,28/03/2020,8189,832,2928,4337,410
SPAIN,29/03/2020,6549,838,2424,2767,332
SPAIN,30/03/2020,6398,812,2072,3220,324
SPAIN,31/03/2020,9222,849,2479,2626,376
SPAIN,01/04/2020,7719,864,3388,2175,265
SPAIN,02/04/2020,8102,950,4096,2695,220
SPAIN,03/04/2020,7472,932,3770,2524,324
SPAIN,04/04/2020,7026,809,3706,975,116
SPAIN,05/04/2020,6023,674,3861,1132,329
SPAIN,06/04/2020,4273,637,2357,918,70
SPAIN,07/04/2020,5478,743,2771,3431,138
SPAIN,08/04/2020,6180,757,4813,423,63
SPAIN,09/04/2020,5756,683,4144,3063,239
SPAIN,10/04/2020,4576,605,3503,993,111
SPAIN,11/04/2020,4830,510,3441,478,53
SPAIN,12/04/2020,4167,619,3282,5415,19
SPAIN,13/04/2020,3477,517,2336,1764,223
SPAIN,14/04/2020,3045,567,2777,523,74
SPAIN,15/04/2020,4978,523,3349,369,20
SPAIN,16/04/2020,5183,551,3947,1094,87
SPAIN,17/04/2020,5252,585,3502,594,34
SPAIN,18/04/2020,4499,565,3166,1666,79
SPAIN,19/04/2020,4218,410,2695,857,89
SPAIN,20/04/2020,3572,399,1694,542,46
SPAIN,21/04/2020,3968,430,1928,852,49
SPAIN,22/04/2020,4211,435,3401,972,52
SPAIN,23/04/2020,4635,440,3335,867,52
SPAIN,24/04/2020,2796,367,3105,932,118
SPAIN,25/04/2020,2944,378,3353,389,31
SPAIN,26/04/2020,1729,288,3024,1635,33
SPAIN,27/04/2020,1831,331,2144,351,174
SPAIN,28/04/2020,1308,301,1673,878,75
SPAIN,29/04/2020,2144,325,6399,908,49
SPAIN,30/04/2020,1309,628,3103,816,57
SPAIN,01/05/2020,1175,281,2628,732,84
SPAIN,02/05/2020,1147,276,2572,556,49
SPAIN,03/05/2020,838,164,1654,547,65
SPAIN,04/05/2020,356,164,2447,394,21
SPAIN,05/05/2020,867,185,0,720,37
SPAIN,06/05/2020,685,244,0,857,51
SPAIN,07/05/2020,754,213,0,548,58
SPAIN,08/05/2020,1095,229,0,762,85
SPAIN,09/05/2020,604,179,0,489,70
SPAIN,10/05/2020,621,143,0,465,36
SPAIN,11/05/2020,373,123,0,257,20
SPAIN,12/05/2020,426,176,0,513,24
SPAIN,13/05/2020,439,184,0,412,65
SPAIN,14/05/2020,506,217,0,330,29
SPAIN,15/05/2020,549,138,0,346,29
SPAIN,16/05/2020,539,102,0,258,10
SPAIN,17/05/2020,391,87,0,327,28
SPAIN,18/05/2020,285,59,0,172,15
SPAIN,19/05/2020,295,83,0,166,11
SPAIN,20/05/2020,416,95,0,193,31
SPAIN,21/05/2020,344,48,0,140,20
SPAIN,22/05/2020,446,56,0,123,20
SPAIN,23/05/2020,361,48,0,125,13
SPAIN,24/05/2020,246,70,0,86,3
SPAIN,25/05/2020,132,50,0,256,11
SPAIN,26/05/2020,194,35,0,256,12
SPAIN,27/05/2020,231,39,0,283,13
SPAIN,28/05/2020,182,38,0,301,11
SPAIN,29/05/2020,187,39,0,286,12
SPAIN,30/05/2020,271,43,0,287,10
SPAIN,31/05/2020,96,39,0,263,9
SPAIN,01/06/2020,71,35,0,245,9
SPAIN,02/06/2020,137,34,0,243,11
SPAIN,03/06/2020,219,63,0,221,10
SPAIN,04/06/2020,195,56,0,166,11
SPAIN,05/06/2020,177,52,0,162,14
SPAIN,06/06/2020,164,67,0,169,15
SPAIN,07/06/2020,102,72,0,148,14
SPAIN,08/06/2020,48,56,0,145,14
SPAIN,09/06/2020,84,50,0,149,12
SPAIN,10/06/2020,167,40,0,139,12
SPAIN,11/06/2020,156,32,0,151,10
SPAIN,12/06/2020,155,25,0,141,10
SPAIN,13/06/2020,130,27,0,125,7
SPAIN,14/06/2020,48,26,0,110,5
SPAIN,15/06/2020,40,25,0,94,3
SPAIN,16/06/2020,76,25,0,86,6
SPAIN,17/06/2020,141,30,0,97,10
SPAIN,18/06/2020,143,52,0,89,9
SPAIN,19/06/2020,154,40,0,97,8
SPAIN,20/06/2020,134,36,0,101,6
SPAIN,21/06/2020,141,29,0,99,5
SPAIN,22/06/2020,125,21,0,150,10
SPAIN,23/06/2020,108,14,0,151,13
SPAIN,24/06/2020,196,10,0,150,16
SPAIN,25/06/2020,157,11,0,146,14
SPAIN,26/06/2020,191,11,0,147,12
SPAIN,27/06/2020,191,13,0,150,17
SPAIN,28/06/2020,118,13,0,137,16
SPAIN,29/06/2020,84,12,0,137,15
SPAIN,30/06/2020,99,20,0,153,11
SPAIN,01/07/2020,149,19,0,151,9
SPAIN,02/07/2020,134,24,0,136,11
SPAIN,03/07/2020,174,21,0,141,13
SPAIN,04/07/2020,126,16,0,139,11
SPAIN,05/07/2020,126,16,0,139,11
SPAIN,06/07/2020,78,12,0,138,10
SPAIN,07/07/2020,124,9,0,157,7
SPAIN,08/07/2020,257,9,0,137,6
SPAIN,09/07/2020,241,10,0,150,5
SPAIN,10/07/2020,333,10,0,156,8
SPAIN,11/07/2020,248,8,0,150,8
SPAIN,12/07/2020,248,8,0,150,8
SPAIN,13/07/2020,164,7,0,146,8
SPAIN,14/07/2020,263,8,0,165,11
SPAIN,15/07/2020,390,10,0,176,13
SPAIN,16/07/2020,580,9,0,196,17
SPAIN,17/07/2020,628,10,0,228,18
SPAIN,18/07/2020,1778,,,,
SPAIN,19/07/2020,1541,,,,
SPAIN,20/07/2020,2282,,,,
SPAIN,21/07/2020,2294,,,,
SPAIN,22/07/2020,2354,,,,
SPAIN,23/07/2020,2237,,,,
SPAIN,24/07/2020,2524,,,,
SPAIN,25/07/2020,2065,,,,
SPAIN,26/07/2020,1860,,,,
SPAIN,27/07/2020,2986,,,,
SPAIN,28/07/2020,3082,,,,
SPAIN,29/07/2020,3184,,,,
SPAIN,30/07/2020,3100,,,,
SPAIN,31/07/2020,3592,,,,
SPAIN,01/08/2020,3574,,,,
SPAIN,02/08/2020,2723,,,,
SPAIN,03/08/2020,4007,,,,
SPAIN,04/08/2020,4482,,,,
SPAIN,05/08/2020,4494,,,,
SPAIN,06/08/2020,4501,,,,
SPAIN,07/08/2020,5240,,,,
SPAIN,08/08/2020,4145,,,,
SPAIN,09/08/2020,3897,,,,
SPAIN,10/08/2020,5846,,,,
SPAIN,11/08/2020,6200,,,,
SPAIN,12/08/2020,6416,,,,
SPAIN,13/08/2020,6186,,,,
SPAIN,14/08/2020,7016,,,,
SPAIN,15/08/2020,5462,,,,
SPAIN,16/08/2020,4812,,,,
SPAIN,17/08/2020,6957,,,,
SPAIN,18/08/2020,8206,,,,
SPAIN,19/08/2020,8363,,,,
SPAIN,20/08/2020,8378,,,,
SPAIN,21/08/2020,9626,,,,
SPAIN,22/08/2020,6514,,,,
SPAIN,23/08/2020,5732,,,,
SPAIN,24/08/2020,7942,,,,
SPAIN,25/08/2020,9978,,,,
SPAIN,26/08/2020,9783,,,,
SPAIN,27/08/2020,9233,,,,
SPAIN,28/08/2020,10588,,,,
SPAIN,29/08/2020,7149,,,,
SPAIN,30/08/2020,6165,,,,
SPAIN,31/08/2020,8059,,,,
URUGUAY,13/03/2020,4,0,0,0,0
URUGUAY,14/03/2020,2,0,0,0,0
URUGUAY,15/03/2020,2,0,0,0,0
URUGUAY,16/03/2020,21,0,0,0,0
URUGUAY,17/03/2020,21,0,0,2,0
URUGUAY,18/03/2020,29,0,2,0,0
URUGUAY,19/03/2020,15,0,0,0,0
URUGUAY,20/03/2020,16,0,0,4,0
URUGUAY,21/03/2020,25,0,0,4,2
URUGUAY,22/03/2020,23,0,0,4,1
URUGUAY,23/03/2020,4,0,0,4,1
URUGUAY,24/03/2020,27,0,0,3,1
URUGUAY,25/03/2020,28,0,0,12,4
URUGUAY,26/03/2020,21,0,0,18,4
URUGUAY,27/03/2020,36,0,0,13,8
URUGUAY,28/03/2020,30,1,0,13,8
URUGUAY,29/03/2020,6,0,0,12,10
URUGUAY,30/03/2020,10,0,0,12,11
URUGUAY,31/03/2020,18,0,0,13,12
URUGUAY,01/04/2020,12,1,21,14,13
URUGUAY,02/04/2020,19,2,6,14,13
URUGUAY,03/04/2020,17,0,18,14,13
URUGUAY,04/04/2020,14,1,7,15,13
URUGUAY,05/04/2020,6,1,11,15,14
URUGUAY,06/04/2020,9,0,19,15,14
URUGUAY,07/04/2020,9,1,27,18,14
URUGUAY,08/04/2020,32,0,42,18,14
URUGUAY,09/04/2020,17,0,14,17,13
URUGUAY,10/04/2020,21,0,8,15,15
URUGUAY,11/04/2020,7,0,10,17,16
URUGUAY,12/04/2020,11,7,7,16,16
URUGUAY,13/04/2020,9,1,17,15,15
URUGUAY,14/04/2020,12,0,12,14,14
URUGUAY,15/04/2020,6,1,12,13,13
URUGUAY,16/04/2020,13,0,14,13,13
URUGUAY,17/04/2020,18,0,8,12,12
URUGUAY,18/04/2020,18,0,4,14,14
URUGUAY,19/04/2020,4,0,0,13,13
URUGUAY,20/04/2020,10,1,15,13,13
URUGUAY,21/04/2020,11,2,11,10,10
URUGUAY,22/04/2020,8,0,13,10,10
URUGUAY,23/04/2020,9,0,17,10,10
URUGUAY,24/04/2020,6,0,15,9,9
URUGUAY,25/04/2020,46,2,1,9,9
URUGUAY,26/04/2020,12,1,5,10,10
URUGUAY,27/04/2020,2,0,11,11,11
URUGUAY,28/04/2020,6,0,8,11,11
URUGUAY,29/04/2020,18,0,18,11,11
URUGUAY,30/04/2020,11,2,5,10,10
URUGUAY,01/05/2020,5,0,18,10,10
URUGUAY,02/05/2020,4,0,5,10,10
URUGUAY,03/05/2020,7,0,2,10,10
URUGUAY,04/05/2020,7,0,5,10,10
URUGUAY,05/05/2020,13,0,21,10,10
URUGUAY,06/05/2020,8,0,18,10,10
URUGUAY,07/05/2020,26,0,6,9,9
URUGUAY,08/05/2020,19,1,14,8,8
URUGUAY,09/05/2020,4,0,7,8,8
URUGUAY,10/05/2020,7,1,4,8,8
URUGUAY,11/05/2020,5,0,6,8,8
URUGUAY,12/05/2020,7,0,9,8,8
URUGUAY,13/05/2020,9,0,13,8,8
URUGUAY,14/05/2020,7,0,2,7,7
URUGUAY,15/05/2020,4,0,6,7,7
URUGUAY,16/05/2020,7,0,5,5,5
URUGUAY,17/05/2020,14,1,6,4,4
URUGUAY,18/05/2020,3,0,5,4,4
URUGUAY,19/05/2020,1,0,10,4,4
URUGUAY,20/05/2020,12,0,9,4,4
URUGUAY,21/05/2020,9,0,6,5,5
URUGUAY,22/05/2020,12,0,9,5,5
URUGUAY,23/05/2020,14,2,13,5,5
URUGUAY,24/05/2020,2,0,2,5,5
URUGUAY,25/05/2020,19,0,11,5,5
URUGUAY,26/05/2020,2,0,9,5,5
URUGUAY,27/05/2020,14,0,12,5,5
URUGUAY,28/05/2020,12,0,4,5,5
URUGUAY,29/05/2020,7,0,26,6,6
URUGUAY,30/05/2020,8,0,2,5,5
URUGUAY,31/05/2020,4,1,3,5,5
URUGUAY,01/06/2020,9,0,4,4,4
URUGUAY,02/06/2020,3,0,2,4,4
URUGUAY,03/06/2020,0,0,7,4,4
URUGUAY,04/06/2020,4,0,11,4,4
URUGUAY,05/06/2020,11,0,12,4,4
URUGUAY,06/06/2020,5,0,5,4,4
URUGUAY,07/06/2020,5,0,4,4,4
URUGUAY,08/06/2020,0,0,8,4,4
URUGUAY,09/06/2020,1,0,16,4,4
URUGUAY,10/06/2020,1,0,4,4,4
URUGUAY,11/06/2020,4,0,14,4,4
URUGUAY,12/06/2020,3,0,8,3,3
URUGUAY,13/06/2020,0,0,4,3,3
URUGUAY,14/06/2020,2,0,4,3,3
URUGUAY,15/06/2020,0,0,4,3,3
URUGUAY,16/06/2020,1,1,9,3,3
URUGUAY,17/06/2020,0,0,9,4,4
URUGUAY,18/06/2020,1,0,4,4,4
URUGUAY,19/06/2020,3,1,0,4,4
URUGUAY,20/06/2020,6,1,1,4,4
URUGUAY,21/06/2020,17,0,0,4,4
URUGUAY,22/06/2020,6,0,0,4,4
URUGUAY,23/06/2020,3,0,0,4,4
URUGUAY,24/06/2020,17,0,0,2,2
URUGUAY,25/06/2020,5,1,3,2,2
URUGUAY,26/06/2020,12,1,0,2,2
URUGUAY,27/06/2020,5,0,0,2,2
URUGUAY,28/06/2020,5,0,0,2,2
URUGUAY,29/06/2020,3,0,4,2,2
URUGUAY,30/06/2020,4,0,2,2,2
URUGUAY,01/07/2020,7,2,1,1,1
URUGUAY,02/07/2020,4,0,3,1,1
URUGUAY,03/07/2020,5,0,9,1,1
URUGUAY,04/07/2020,3,0,3,1,1
URUGUAY,05/07/2020,1,0,9,1,1
URUGUAY,06/07/2020,4,1,9,1,1
URUGUAY,07/07/2020,5,0,7,0,0
URUGUAY,08/07/2020,9,0,6,2,1
URUGUAY,09/07/2020,3,0,7,2,1
URUGUAY,10/07/2020,8,0,8,1,1
URUGUAY,11/07/2020,1,1,10,0,0
URUGUAY,12/07/2020,1,0,0,0,0
URUGUAY,13/07/2020,2,1,7,0,0
URUGUAY,14/07/2020,8,0,2,0,0
URUGUAY,15/07/2020,12,0,4,1,1
URUGUAY,16/07/2020,17,1,7,3,3
URUGUAY,17/07/2020,11,0,1,3,3
URUGUAY,18/07/2020,7,1,4,3,3
URUGUAY,19/07/2020,10,0,1,3,3
URUGUAY,20/07/2020,10,0,5,3,3
URUGUAY,21/07/2020,32,0,2,4,4
URUGUAY,22/07/2020,21,1,5,3,3
URUGUAY,23/07/2020,24,0,6,3,3
URUGUAY,24/07/2020,25,0,6,3,3
URUGUAY,25/07/2020,9,0,1,3,3
URUGUAY,26/07/2020,18,0,1,5,5
URUGUAY,27/07/2020,13,1,3,5,5
URUGUAY,28/07/2020,20,0,7,7,7
URUGUAY,29/07/2020,19,0,9,6,6
URUGUAY,30/07/2020,6,0,11,5,5
URUGUAY,31/07/2020,21,0,16,5,5
URUGUAY,01/08/2020,14,0,10,5,5
URUGUAY,02/08/2020,8,1,7,4,4
URUGUAY,03/08/2020,9,0,12,4,4
URUGUAY,04/08/2020,12,1,25,3,3
URUGUAY,05/08/2020,11,0,17,3,3
URUGUAY,06/08/2020,9,0,14,2,2
URUGUAY,07/08/2020,7,0,16,2,2
URUGUAY,08/08/2020,13,0,7,3,3
URUGUAY,09/08/2020,18,0,13,5,5
URUGUAY,10/08/2020,11,0,21,4,4
URUGUAY,11/08/2020,21,0,11,5,5
URUGUAY,12/08/2020,9,0,6,5,5
URUGUAY,13/08/2020,16,0,17,5,5
URUGUAY,14/08/2020,13,1,2,4,4
URUGUAY,15/08/2020,15,1,12,4,4
URUGUAY,16/08/2020,6,0,6,4,4
URUGUAY,17/08/2020,17,2,5,3,3
URUGUAY,18/08/2020,28,0,14,4,4
URUGUAY,19/08/2020,9,0,9,5,5
URUGUAY,20/08/2020,13,1,14,3,3
URUGUAY,21/08/2020,10,1,7,2,2
URUGUAY,22/08/2020,6,0,15,2,2
URUGUAY,23/08/2020,6,0,12,2,2
URUGUAY,24/08/2020,6,0,19,4,4
URUGUAY,25/08/2020,3,1,14,4,4
URUGUAY,26/08/2020,7,0,13,4,4
URUGUAY,27/08/2020,9,0,11,3,3
URUGUAY,28/08/2020,8,0,19,3,3
URUGUAY,29/08/2020,14,1,12,3,3
URUGUAY,30/08/2020,15,0,14,3,3
URUGUAY,31/08/2020,11,0,31,3,3
NETHERLANDS,09/03/2020,56,3,0,0,0
NETHERLANDS,10/03/2020,61,1,0,0,0
NETHERLANDS,11/03/2020,121,1,0,0,0
NETHERLANDS,12/03/2020,111,0,0,86,0
NETHERLANDS,13/03/2020,804,9,0,115,0
NETHERLANDS,14/03/2020,155,3,0,21,0
NETHERLANDS,15/03/2020,176,7,0,26,0
NETHERLANDS,16/03/2020,278,4,0,43,0
NETHERLANDS,17/03/2020,292,17,0,109,0
NETHERLANDS,18/03/2020,346,16,0,94,0
NETHERLANDS,19/03/2020,409,21,0,81,0
NETHERLANDS,20/03/2020,1191,28,0,159,0
NETHERLANDS,21/03/2020,-20,31,0,188,0
NETHERLANDS,22/03/2020,573,44,0,152,0
NETHERLANDS,23/03/2020,545,33,0,242,0
NETHERLANDS,24/03/2020,811,63,0,265,0
NETHERLANDS,25/03/2020,852,80,0,341,2467
NETHERLANDS,26/03/2020,1019,78,0,315,0
NETHERLANDS,27/03/2020,1172,112,0,349,100
NETHERLANDS,28/03/2020,1159,93,0,454,100
NETHERLANDS,29/03/2020,1104,132,0,529,100
NETHERLANDS,30/03/2020,884,93,0,507,100
NETHERLANDS,31/03/2020,845,175,0,722,0
NETHERLANDS,01/04/2020,1019,134,0,447,0
NETHERLANDS,02/04/2020,1083,166,0,625,0
NETHERLANDS,03/04/2020,1026,148,0,501,0
NETHERLANDS,04/04/2020,904,164,0,336,0
NETHERLANDS,05/04/2020,1224,117,0,253,0
NETHERLANDS,06/04/2020,952,99,0,260,0
NETHERLANDS,07/04/2020,777,234,0,292,0
NETHERLANDS,08/04/2020,969,147,0,308,0
NETHERLANDS,09/04/2020,1213,148,0,237,0
NETHERLANDS,10/04/2020,1335,115,0,225,0
NETHERLANDS,11/04/2020,1316,132,0,190,0
NETHERLANDS,12/04/2020,1174,94,0,196,0
NETHERLANDS,13/04/2020,964,86,0,147,0
NETHERLANDS,14/04/2020,868,122,0,210,0
NETHERLANDS,15/04/2020,734,189,0,188,0
NETHERLANDS,16/04/2020,1061,181,0,182,0
NETHERLANDS,17/04/2020,1235,144,0,156,0
NETHERLANDS,18/04/2020,1140,142,250,129,1200
NETHERLANDS,19/04/2020,1066,83,322,110,0
NETHERLANDS,20/04/2020,750,67,74,75,0
NETHERLANDS,21/04/2020,729,165,0,118,0
NETHERLANDS,22/04/2020,708,138,0,124,0
NETHERLANDS,23/04/2020,887,123,0,137,0
NETHERLANDS,24/04/2020,806,112,0,123,0
NETHERLANDS,25/04/2020,655,120,0,100,0
NETHERLANDS,26/04/2020,655,66,0,75,0
NETHERLANDS,27/04/2020,400,43,0,65,0
NETHERLANDS,28/04/2020,171,48,0,88,0
NETHERLANDS,29/04/2020,386,145,0,76,0
NETHERLANDS,30/04/2020,514,84,0,84,0
NETHERLANDS,01/05/2020,475,98,0,85,0
NETHERLANDS,02/05/2020,445,94,0,93,0
NETHERLANDS,03/05/2020,335,69,0,41,0
NETHERLANDS,04/05/2020,199,26,0,36,0
NETHERLANDS,05/05/2020,317,86,0,79,0
NETHERLANDS,06/05/2020,232,36,0,20,0
NETHERLANDS,07/05/2020,455,84,0,33,0
NETHERLANDS,08/05/2020,319,71,0,71,0
NETHERLANDS,09/05/2020,289,63,0,58,0
NETHERLANDS,10/05/2020,245,18,0,22,0
NETHERLANDS,11/05/2020,161,16,0,36,0
NETHERLANDS,12/05/2020,196,54,0,35,0
NETHERLANDS,13/05/2020,227,52,0,52,0
NETHERLANDS,14/05/2020,270,28,0,27,0
NETHERLANDS,15/05/2020,200,53,0,35,0
NETHERLANDS,16/05/2020,189,27,0,45,0
NETHERLANDS,17/05/2020,125,10,0,15,0
NETHERLANDS,18/05/2020,146,14,0,27,0
NETHERLANDS,19/05/2020,108,21,0,34,0
NETHERLANDS,20/05/2020,198,33,0,14,0
NETHERLANDS,21/05/2020,253,27,0,13,0
NETHERLANDS,22/05/2020,188,13,0,9,0
NETHERLANDS,23/05/2020,176,23,0,10,0
NETHERLANDS,24/05/2020,172,11,0,13,0
NETHERLANDS,25/05/2020,209,8,0,8,0
NETHERLANDS,26/05/2020,133,26,0,10,0
NETHERLANDS,27/05/2020,190,15,0,7,0
NETHERLANDS,28/05/2020,182,32,0,16,0
NETHERLANDS,29/05/2020,176,28,0,9,0
NETHERLANDS,30/05/2020,131,20,0,5,0
NETHERLANDS,31/05/2020,185,5,0,8,0
NETHERLANDS,01/06/2020,103,6,0,9,0
NETHERLANDS,02/06/2020,102,5,0,6,0
NETHERLANDS,03/06/2020,86,10,0,9,0
NETHERLANDS,04/06/2020,209,13,0,12,0
NETHERLANDS,05/06/2020,210,15,0,11,0
NETHERLANDS,06/06/2020,183,6,0,3,0
NETHERLANDS,07/06/2020,239,2,0,4,0
NETHERLANDS,08/06/2020,165,3,0,5,0
NETHERLANDS,09/06/2020,164,15,0,6,0
NETHERLANDS,10/06/2020,184,11,0,5,0
NETHERLANDS,11/06/2020,164,2,0,3,0
NETHERLANDS,12/06/2020,210,9,0,5,0
NETHERLANDS,13/06/2020,179,4,0,9,0
NETHERLANDS,14/06/2020,143,2,0,6,0
NETHERLANDS,15/06/2020,165,6,0,3,0
NETHERLANDS,16/06/2020,139,5,0,3,0
NETHERLANDS,17/06/2020,117,4,0,2,0
NETHERLANDS,18/06/2020,115,4,0,-1,0
NETHERLANDS,19/06/2020,107,3,0,11,0
NETHERLANDS,20/06/2020,76,8,0,0,0
NETHERLANDS,21/06/2020,91,1,0,3,0
NETHERLANDS,22/06/2020,65,0,0,2,0
NETHERLANDS,23/06/2020,64,5,0,2,0
NETHERLANDS,24/06/2020,82,2,0,6,0
NETHERLANDS,25/06/2020,110,3,0,4,0
NETHERLANDS,26/06/2020,91,3,0,5,0
NETHERLANDS,27/06/2020,69,2,0,0,0
NETHERLANDS,28/06/2020,73,0,0,3,0
NETHERLANDS,29/06/2020,76,2,0,3,0
NETHERLANDS,30/06/2020,50,6,0,3,0
NETHERLANDS,01/07/2020,62,2,0,1,0
NETHERLANDS,02/07/2020,77,3,0,0,0
NETHERLANDS,03/07/2020,75,2,0,4,0
NETHERLANDS,04/07/2020,61,6,0,1,0
NETHERLANDS,05/07/2020,73,1,0,1,0
NETHERLANDS,06/07/2020,36,1,0,0,0
NETHERLANDS,07/07/2020,37,4,0,2,0
NETHERLANDS,08/07/2020,52,3,0,3,0
NETHERLANDS,09/07/2020,52,2,0,-2,0
NETHERLANDS,10/07/2020,42,-1,0,1,0
NETHERLANDS,11/07/2020,81,1,0,3,0
NETHERLANDS,12/07/2020,101,0,0,2,0
NETHERLANDS,13/07/2020,71,0,0,1,0
NETHERLANDS,14/07/2020,53,-2,0,-2,0
NETHERLANDS,15/07/2020,106,1,0,5,0
NETHERLANDS,16/07/2020,99,1,0,1,0
NETHERLANDS,17/07/2020,103,1,0,-4,0
NETHERLANDS,18/07/2020,127,-2,0,1,0
NETHERLANDS,19/07/2020,144,0,0,3,0
NETHERLANDS,20/07/2020,185,0,0,2,0
NETHERLANDS,21/07/2020,163,0,0,2,0
NETHERLANDS,22/07/2020,168,3,0,0,0
NETHERLANDS,23/07/2020,163,0,0,3,0
NETHERLANDS,24/07/2020,191,0,0,-1,0
NETHERLANDS,25/07/2020,137,1,0,2,0
NETHERLANDS,26/07/2020,214,0,0,2,0
NETHERLANDS,27/07/2020,205,1,0,5,0
NETHERLANDS,28/07/2020,,,,,
NETHERLANDS,29/07/2020,,,,,
NETHERLANDS,30/07/2020,,,,,
NETHERLANDS,31/07/2020,,,,,
NETHERLANDS,01/08/2020,,,,,
NETHERLANDS,02/08/2020,,,,,
NETHERLANDS,03/08/2020,,,,,
NETHERLANDS,04/08/2020,,,,,
NETHERLANDS,05/08/2020,,,,,
NETHERLANDS,06/08/2020,,,,,
NETHERLANDS,07/08/2020,,,,,
NETHERLANDS,08/08/2020,,,,,
NETHERLANDS,09/08/2020,,,,,
NETHERLANDS,10/08/2020,,,,,
NETHERLANDS,11/08/2020,,,,,
NETHERLANDS,12/08/2020,,,,,
NETHERLANDS,13/08/2020,,,,,
NETHERLANDS,14/08/2020,,,,,
NETHERLANDS,15/08/2020,,,,,
NETHERLANDS,16/08/2020,,,,,
NETHERLANDS,17/08/2020,,,,,
NETHERLANDS,18/08/2020,,,,,
NETHERLANDS,19/08/2020,,,,,
NETHERLANDS,20/08/2020,,,,,
NETHERLANDS,21/08/2020,,,,,
NETHERLANDS,22/08/2020,,,,,
NETHERLANDS,23/08/2020,,,,,
NETHERLANDS,24/08/2020,,,,,
NETHERLANDS,25/08/2020,,,,,
NETHERLANDS,26/08/2020,,,,,
NETHERLANDS,27/08/2020,,,,,
NETHERLANDS,28/08/2020,,,,,
NETHERLANDS,29/08/2020,,,,,
NETHERLANDS,30/08/2020,,,,,
NETHERLANDS,31/08/2020,,,,,
COLOMBIA,02/03/2020,1,0,1,0,0
COLOMBIA,03/03/2020,0,0,0,0,0
COLOMBIA,04/03/2020,0,0,0,0,0
COLOMBIA,05/03/2020,0,0,0,0,0
COLOMBIA,06/03/2020,1,0,1,0,0
COLOMBIA,07/03/2020,1,0,1,0,0
COLOMBIA,08/03/2020,2,0,2,0,0
COLOMBIA,09/03/2020,3,0,3,0,0
COLOMBIA,10/03/2020,4,0,4,0,0
COLOMBIA,11/03/2020,8,0,8,0,0
COLOMBIA,12/03/2020,11,0,11,0,0
COLOMBIA,13/03/2020,13,1,12,0,0
COLOMBIA,14/03/2020,20,0,20,0,0
COLOMBIA,15/03/2020,19,0,19,0,0
COLOMBIA,16/03/2020,29,0,29,0,0
COLOMBIA,17/03/2020,42,1,41,0,0
COLOMBIA,18/03/2020,44,2,42,0,0
COLOMBIA,19/03/2020,69,0,69,0,0
COLOMBIA,20/03/2020,78,5,73,0,0
COLOMBIA,21/03/2020,80,5,74,1,0
COLOMBIA,22/03/2020,82,4,78,0,0
COLOMBIA,23/03/2020,94,6,87,1,0
COLOMBIA,24/03/2020,141,7,131,1,2
COLOMBIA,25/03/2020,162,9,151,1,1
COLOMBIA,26/03/2020,159,11,147,0,0
COLOMBIA,27/03/2020,160,15,143,1,0
COLOMBIA,28/03/2020,166,12,153,1,0
COLOMBIA,29/03/2020,139,12,126,1,0
COLOMBIA,30/03/2020,194,14,180,0,0
COLOMBIA,31/03/2020,190,17,169,4,0
COLOMBIA,01/04/2020,195,9,186,0,0
COLOMBIA,02/04/2020,166,12,154,0,0
COLOMBIA,03/04/2020,187,25,160,1,1
COLOMBIA,04/04/2020,160,16,142,2,0
COLOMBIA,05/04/2020,101,8,91,2,0
COLOMBIA,06/04/2020,152,5,145,1,1
COLOMBIA,07/04/2020,157,14,143,0,0
COLOMBIA,08/04/2020,126,9,116,0,0
COLOMBIA,09/04/2020,142,8,133,1,0
COLOMBIA,10/04/2020,121,8,112,0,0
COLOMBIA,11/04/2020,248,10,233,4,0
COLOMBIA,12/04/2020,157,8,149,0,0
COLOMBIA,13/04/2020,186,10,174,1,0
COLOMBIA,14/04/2020,238,14,215,8,1
COLOMBIA,15/04/2020,168,12,153,2,0
COLOMBIA,16/04/2020,255,12,237,5,1
COLOMBIA,17/04/2020,178,10,163,3,1
COLOMBIA,18/04/2020,205,13,186,3,0
COLOMBIA,19/04/2020,221,9,207,3,0
COLOMBIA,20/04/2020,217,8,205,1,1
COLOMBIA,21/04/2020,219,10,209,0,0
COLOMBIA,22/04/2020,248,10,231,5,1
COLOMBIA,23/04/2020,302,17,279,5,1
COLOMBIA,24/04/2020,306,14,284,6,1
COLOMBIA,25/04/2020,305,12,287,4,1
COLOMBIA,26/04/2020,253,21,224,7,1
COLOMBIA,27/04/2020,408,19,379,6,0
COLOMBIA,28/04/2020,515,18,491,5,0
COLOMBIA,29/04/2020,381,19,356,4,0
COLOMBIA,30/04/2020,475,31,435,3,1
COLOMBIA,01/05/2020,466,27,434,4,0
COLOMBIA,02/05/2020,461,24,428,7,0
COLOMBIA,03/05/2020,395,16,371,3,3
COLOMBIA,04/05/2020,510,32,476,2,0
COLOMBIA,05/05/2020,791,30,753,4,2
COLOMBIA,06/05/2020,757,24,723,5,2
COLOMBIA,07/05/2020,774,24,742,2,2
COLOMBIA,08/05/2020,980,39,932,1,3
COLOMBIA,09/05/2020,743,18,718,0,2
COLOMBIA,10/05/2020,471,22,443,3,1
COLOMBIA,11/05/2020,733,34,692,1,6
COLOMBIA,12/05/2020,822,26,789,1,3
COLOMBIA,13/05/2020,845,33,800,1,4
COLOMBIA,14/05/2020,1061,30,1022,2,4
COLOMBIA,15/05/2020,978,39,931,0,1
COLOMBIA,16/05/2020,907,38,864,0,2
COLOMBIA,17/05/2020,842,33,806,0,2
COLOMBIA,18/05/2020,1202,48,1146,2,4
COLOMBIA,19/05/2020,1162,43,1111,3,3
COLOMBIA,20/05/2020,1395,55,1332,2,2
COLOMBIA,21/05/2020,1363,41,1311,1,6
COLOMBIA,22/05/2020,1414,55,1349,0,4
COLOMBIA,23/05/2020,1424,48,1364,0,4
COLOMBIA,24/05/2020,906,35,865,1,4
COLOMBIA,25/05/2020,1159,43,1096,9,6
COLOMBIA,26/05/2020,1517,56,1441,4,9
COLOMBIA,27/05/2020,1367,66,1287,4,5
COLOMBIA,28/05/2020,1409,54,1330,14,5
COLOMBIA,29/05/2020,1413,65,1315,18,9
COLOMBIA,30/05/2020,1299,40,1232,14,8
COLOMBIA,31/05/2020,1043,53,961,15,6
COLOMBIA,01/06/2020,1743,82,1606,37,9
COLOMBIA,02/06/2020,1650,72,1511,45,5
COLOMBIA,03/06/2020,1891,87,1757,33,6
COLOMBIA,04/06/2020,1784,81,1634,49,7
COLOMBIA,05/06/2020,2014,92,1847,48,9
COLOMBIA,06/06/2020,1803,78,1667,46,4
COLOMBIA,07/06/2020,1470,70,1343,41,7
COLOMBIA,08/06/2020,2527,111,2326,69,7
COLOMBIA,09/06/2020,2421,123,2208,63,12
COLOMBIA,10/06/2020,2786,113,2565,75,11
COLOMBIA,11/06/2020,2958,125,2734,71,8
COLOMBIA,12/06/2020,2954,113,2751,68,11
COLOMBIA,13/06/2020,2475,137,2263,63,4
COLOMBIA,14/06/2020,1664,98,1482,59,5
COLOMBIA,15/06/2020,1889,121,1693,57,9
COLOMBIA,16/06/2020,3747,170,3450,95,19
COLOMBIA,17/06/2020,3988,144,3724,93,8
COLOMBIA,18/06/2020,3891,162,3580,106,17
COLOMBIA,19/06/2020,4003,166,3709,104,12
COLOMBIA,20/06/2020,3477,117,3238,94,9
COLOMBIA,21/06/2020,2605,143,2346,94,7
COLOMBIA,22/06/2020,2945,137,2672,102,11
COLOMBIA,23/06/2020,5049,178,4695,134,18
COLOMBIA,24/06/2020,5096,221,4700,139,16
COLOMBIA,25/06/2020,5181,203,4788,162,14
COLOMBIA,26/06/2020,5592,211,5194,147,20
COLOMBIA,27/06/2020,4675,155,4356,129,12
COLOMBIA,28/06/2020,3569,162,3260,110,17
COLOMBIA,29/06/2020,3822,173,3473,144,16
COLOMBIA,30/06/2020,6014,221,5533,197,28
COLOMBIA,01/07/2020,6262,236,5786,195,21
COLOMBIA,02/07/2020,6265,228,5818,157,30
COLOMBIA,03/07/2020,6908,225,6345,202,25
COLOMBIA,04/07/2020,6340,213,5887,187,24
COLOMBIA,05/07/2020,4624,186,4207,163,33
COLOMBIA,06/07/2020,7326,259,6757,246,32
COLOMBIA,07/07/2020,7054,290,6408,263,39
COLOMBIA,08/07/2020,7864,282,7249,243,19
COLOMBIA,09/07/2020,7111,242,6498,273,24
COLOMBIA,10/07/2020,8145,284,7469,261,19
COLOMBIA,11/07/2020,6596,206,6052,223,25
COLOMBIA,12/07/2020,5336,201,4819,196,24
COLOMBIA,13/07/2020,9456,290,8715,319,35
COLOMBIA,14/07/2020,9133,309,8453,296,31
COLOMBIA,15/07/2020,8636,308,7920,326,38
COLOMBIA,16/07/2020,9361,283,8644,315,40
COLOMBIA,17/07/2020,9656,306,8885,324,40
COLOMBIA,18/07/2020,9396,265,8698,292,48
COLOMBIA,19/07/2020,6210,236,5539,295,29
COLOMBIA,20/07/2020,6826,297,6069,282,33
COLOMBIA,21/07/2020,10297,285,9330,391,40
COLOMBIA,22/07/2020,10162,294,9044,400,52
COLOMBIA,23/07/2020,10261,294,6805,376,38
COLOMBIA,24/07/2020,10280,305,4906,352,52
COLOMBIA,25/07/2020,9199,255,3900,367,28
COLOMBIA,26/07/2020,6700,238,2534,315,21
COLOMBIA,27/07/2020,11840,301,2873,429,42
COLOMBIA,28/07/2020,11485,300,2351,433,27
COLOMBIA,29/07/2020,10390,253,1849,388,29
COLOMBIA,30/07/2020,10432,252,1353,435,17
COLOMBIA,31/07/2020,10837,256,2235,459,24
COLOMBIA,01/08/2020,8581,226,769,418,22
COLOMBIA,02/08/2020,5816,180,389,333,16
COLOMBIA,03/08/2020,9947,211,557,441,18
COLOMBIA,04/08/2020,9476,164,380,386,8
COLOMBIA,05/08/2020,9198,145,367,413,6
COLOMBIA,06/08/2020,10053,147,283,423,13
COLOMBIA,07/08/2020,6185,106,263,360,18
COLOMBIA,08/08/2020,6124,117,135,390,13
COLOMBIA,09/08/2020,3922,101,86,343,7
COLOMBIA,10/08/2020,7190,86,103,427,2
COLOMBIA,11/08/2020,6604,70,81,334,2
COLOMBIA,12/08/2020,6744,64,56,339,1
COLOMBIA,13/08/2020,10749,294,10134,263,22
COLOMBIA,14/08/2020,10125,263,9585,230,18
COLOMBIA,15/08/2020,8277,286,7763,189,15
COLOMBIA,16/08/2020,6884,262,6370,205,15
COLOMBIA,17/08/2020,6453,280,5971,166,13
COLOMBIA,18/08/2020,10155,331,9513,252,23
COLOMBIA,19/08/2020,9527,270,8964,234,23
COLOMBIA,20/08/2020,9183,254,8670,220,14
COLOMBIA,21/08/2020,9328,260,8774,239,20
COLOMBIA,22/08/2020,7833,236,7356,187,19
COLOMBIA,23/08/2020,5040,190,4695,121,13
COLOMBIA,24/08/2020,11638,330,11020,217,36
COLOMBIA,25/08/2020,9441,252,8909,235,18
COLOMBIA,26/08/2020,11796,278,11234,218,18
COLOMBIA,27/08/2020,8183,197,7762,172,24
COLOMBIA,28/08/2020,7874,212,7432,184,25
COLOMBIA,29/08/2020,7216,187,6850,148,12
COLOMBIA,30/08/2020,5494,163,5187,110,17
COLOMBIA,31/08/2020,8216,205,7783,190,20
COLOMBIA,01/09/2020,8177,182,7776,194,10
COLOMBIA,02/09/2020,7262,176,6824,223,18
COLOMBIA,03/09/2020,8076,171,7663,196,21
COLOMBIA,04/09/2020,9701,212,9242,207,20
COLOMBIA,05/09/2020,6205,151,5875,137,18
COLOMBIA,06/09/2020,4855,123,4603,95,15
COLOMBIA,07/09/2020,8153,193,7741,179,24
COLOMBIA,08/09/2020,7514,188,7109,188,16
COLOMBIA,09/09/2020,7216,169,6835,173,17
COLOMBIA,10/09/2020,8047,190,7649,175,12
COLOMBIA,11/09/2020,7445,181,7080,141,21
COLOMBIA,12/09/2020,6694,150,6364,145,21
COLOMBIA,13/09/2020,5154,126,4877,121,20
COLOMBIA,14/09/2020,8021,166,7664,162,15
COLOMBIA,15/09/2020,7391,179,7015,157,17
COLOMBIA,16/09/2020,6299,130,6002,134,15
COLOMBIA,17/09/2020,6228,144,5895,156,15
COLOMBIA,18/09/2020,7188,152,6829,169,24
COLOMBIA,19/09/2020,5836,129,5539,135,19
COLOMBIA,20/09/2020,4185,123,3910,124,11
COLOMBIA,21/09/2020,7601,152,7226,172,24
COLOMBIA,22/09/2020,6838,160,6463,179,18
COLOMBIA,23/09/2020,6324,121,5965,186,22
COLOMBIA,24/09/2020,6736,120,6427,144,16
COLOMBIA,25/09/2020,7783,132,7439,165,18
COLOMBIA,26/09/2020,6591,123,6260,148,21
COLOMBIA,27/09/2020,5554,115,5276,127,20
COLOMBIA,28/09/2020,9262,148,8793,184,39
COLOMBIA,29/09/2020,7322,104,6966,164,17
COLOMBIA,30/09/2020,7749,122,7066,159,33
COLOMBIA,01/10/2020,7334,112,6279,153,31
COLOMBIA,02/10/2020,8696,96,7185,194,29
COLOMBIA,03/10/2020,6386,106,4349,207,25
COLOMBIA,04/10/2020,4570,83,3555,148,27
COLOMBIA,05/10/2020,9091,113,5532,286,40
COLOMBIA,06/10/2020,7363,94,2991,238,33
COLOMBIA,07/10/2020,6779,74,1794,220,41
COLOMBIA,08/10/2020,6094,51,1108,259,29
COLOMBIA,09/10/2020,5222,48,831,186,36
COLOMBIA,10/10/2020,3684,50,496,180,24
COLOMBIA,11/10/2020,2203,26,283,188,23
COLOMBIA,12/10/2020,1992,26,106,147,28
COLOMBIA,13/10/2020,4643,29,185,242,23
COLOMBIA,14/10/2020,5049,28,129,219,23
COLOMBIA,15/10/2020,4589,18,65,231,8
COLOMBIA,16/10/2020,4112,10,57,207,6
COLOMBIA,17/10/2020,2863,5,20,140,2
COLOMBIA,18/10/2020,1352,1,9,100,3
BRAZIL,26/02/2020,1,0,0,0,0
BRAZIL,27/02/2020,0,0,0,0,0
BRAZIL,28/02/2020,0,0,0,0,0
BRAZIL,29/02/2020,1,0,0,0,0
BRAZIL,01/03/2020,0,0,0,0,0
BRAZIL,02/03/2020,0,0,0,0,0
BRAZIL,03/03/2020,0,0,0,0,0
BRAZIL,04/03/2020,1,0,0,0,0
BRAZIL,05/03/2020,4,0,0,0,0
BRAZIL,06/03/2020,6,0,0,0,0
BRAZIL,07/03/2020,6,0,0,0,0
BRAZIL,08/03/2020,6,0,0,0,0
BRAZIL,09/03/2020,0,0,0,0,0
BRAZIL,10/03/2020,9,0,0,0,0
BRAZIL,11/03/2020,18,0,0,0,0
BRAZIL,12/03/2020,25,0,0,0,0
BRAZIL,13/03/2020,21,0,0,0,0
BRAZIL,14/03/2020,23,0,0,0,0
BRAZIL,15/03/2020,79,0,0,0,0
BRAZIL,16/03/2020,34,0,0,0,0
BRAZIL,17/03/2020,57,1,0,0,0
BRAZIL,18/03/2020,137,3,0,0,0
BRAZIL,19/03/2020,193,2,0,0,0
BRAZIL,20/03/2020,283,5,0,0,0
BRAZIL,21/03/2020,224,7,0,0,0
BRAZIL,22/03/2020,418,7,0,0,0
BRAZIL,23/03/2020,345,9,0,0,0
BRAZIL,24/03/2020,310,12,0,0,0
BRAZIL,25/03/2020,232,11,0,0,0
BRAZIL,26/03/2020,482,20,0,0,0
BRAZIL,27/03/2020,502,15,0,0,0
BRAZIL,28/03/2020,486,22,0,0,0
BRAZIL,29/03/2020,353,22,0,0,0
BRAZIL,30/03/2020,323,23,0,0,0
BRAZIL,31/03/2020,1138,42,0,0,0
BRAZIL,01/04/2020,1117,40,0,0,0
BRAZIL,02/04/2020,1076,58,0,0,0
BRAZIL,03/04/2020,1146,60,0,0,0
BRAZIL,04/04/2020,1222,73,0,0,0
BRAZIL,05/04/2020,852,54,0,0,0
BRAZIL,06/04/2020,926,67,0,0,0
BRAZIL,07/04/2020,1661,114,0,0,0
BRAZIL,08/04/2020,2210,133,0,0,0
BRAZIL,09/04/2020,1930,141,0,0,0
BRAZIL,10/04/2020,1781,115,0,0,0
BRAZIL,11/04/2020,1089,68,0,0,0
BRAZIL,12/04/2020,1442,99,0,0,0
BRAZIL,13/04/2020,1261,105,0,0,0
BRAZIL,14/04/2020,1832,204,0,0,0
BRAZIL,15/04/2020,3058,204,0,0,0
BRAZIL,16/04/2020,2105,188,0,0,0
BRAZIL,17/04/2020,3257,217,0,0,0
BRAZIL,18/04/2020,2917,206,0,0,0
BRAZIL,19/04/2020,2055,115,0,0,0
BRAZIL,20/04/2020,1927,113,0,0,0
BRAZIL,21/04/2020,2498,166,0,0,0
BRAZIL,22/04/2020,2678,165,0,0,0
BRAZIL,23/04/2020,3735,407,0,0,0
BRAZIL,24/04/2020,3503,357,0,0,0
BRAZIL,25/04/2020,5514,346,0,0,0
BRAZIL,26/04/2020,3379,189,0,0,0
BRAZIL,27/04/2020,4613,338,0,0,0
BRAZIL,28/04/2020,5385,474,0,0,0
BRAZIL,29/04/2020,6276,449,0,0,0
BRAZIL,30/04/2020,7218,435,0,0,0
BRAZIL,01/05/2020,5919,428,0,0,0
BRAZIL,02/05/2020,5097,395,0,0,0
BRAZIL,03/05/2020,4751,301,0,0,0
BRAZIL,04/05/2020,6633,296,0,0,0
BRAZIL,05/05/2020,6935,600,0,0,0
BRAZIL,06/05/2020,10503,614,0,0,0
BRAZIL,07/05/2020,9888,611,0,0,0
BRAZIL,08/05/2020,10222,749,0,0,0
BRAZIL,09/05/2020,10611,732,0,0,0
BRAZIL,10/05/2020,6760,496,0,0,0
BRAZIL,11/05/2020,5632,396,0,0,0
BRAZIL,12/05/2020,9258,881,0,0,0
BRAZIL,13/05/2020,11385,749,0,0,0
BRAZIL,14/05/2020,13944,844,0,0,0
BRAZIL,15/05/2020,15305,824,0,0,0
BRAZIL,16/05/2020,14919,816,0,0,0
BRAZIL,17/05/2020,7938,485,0,0,0
BRAZIL,18/05/2020,13140,674,0,0,0
BRAZIL,19/05/2020,17408,1179,0,0,0
BRAZIL,20/05/2020,19951,888,0,0,0
BRAZIL,21/05/2020,18508,1188,0,0,0
BRAZIL,22/05/2020,20803,999,0,0,0
BRAZIL,23/05/2020,16508,967,0,0,0
BRAZIL,24/05/2020,15813,653,0,0,0
BRAZIL,25/05/2020,11687,807,0,0,0
BRAZIL,26/05/2020,16324,1039,0,0,0
BRAZIL,27/05/2020,20599,1086,0,0,0
BRAZIL,28/05/2020,26417,1156,0,0,0
BRAZIL,29/05/2020,26928,1124,0,0,0
BRAZIL,30/05/2020,33274,956,0,0,0
BRAZIL,31/05/2020,15760,480,0,0,0
BRAZIL,01/06/2020,12247,623,0,0,0
BRAZIL,02/06/2020,28936,1262,0,0,0
BRAZIL,03/06/2020,28633,1349,0,0,0
BRAZIL,04/06/2020,30925,1473,0,0,0
BRAZIL,05/06/2020,30830,1005,0,0,0
BRAZIL,06/06/2020,27075,904,0,0,0
BRAZIL,07/06/2020,18912,525,0,0,0
BRAZIL,08/06/2020,15654,679,0,0,0
BRAZIL,09/06/2020,32091,1272,0,0,0
BRAZIL,10/06/2020,32913,1274,0,0,0
BRAZIL,11/06/2020,30412,1239,0,0,0
BRAZIL,12/06/2020,25982,909,0,0,0
BRAZIL,13/06/2020,21704,892,0,0,0
BRAZIL,14/06/2020,17110,612,0,0,0
BRAZIL,15/06/2020,20647,627,0,0,0
BRAZIL,16/06/2020,34918,1282,0,0,0
BRAZIL,17/06/2020,32188,1269,0,0,0
BRAZIL,18/06/2020,22765,1238,0,0,0
BRAZIL,19/06/2020,54771,1206,0,0,0
BRAZIL,20/06/2020,34666,1022,0,0,0
BRAZIL,21/06/2020,17459,641,0,0,0
BRAZIL,22/06/2020,21432,654,0,0,0
BRAZIL,23/06/2020,39436,1374,0,0,0
BRAZIL,24/06/2020,42725,1185,0,0,0
BRAZIL,25/06/2020,39483,1141,0,0,0
BRAZIL,26/06/2020,46860,990,0,0,0
BRAZIL,27/06/2020,38693,1109,0,0,0
BRAZIL,28/06/2020,30476,552,0,0,0
BRAZIL,29/06/2020,24052,692,0,0,0
BRAZIL,30/06/2020,33846,1280,0,0,0
BRAZIL,01/07/2020,46712,1038,0,0,0
BRAZIL,02/07/2020,48105,1252,0,0,0
BRAZIL,03/07/2020,42223,1290,0,0,0
BRAZIL,04/07/2020,37923,1091,0,0,0
BRAZIL,05/07/2020,26051,602,0,0,0
BRAZIL,06/07/2020,20229,620,0,0,0
BRAZIL,07/07/2020,45305,1254,0,0,0
BRAZIL,08/07/2020,44571,1223,0,0,0
BRAZIL,09/07/2020,42619,1220,0,0,0
BRAZIL,10/07/2020,45048,1214,0,0,0
BRAZIL,11/07/2020,39023,1071,0,0,0
BRAZIL,12/07/2020,24831,631,0,0,0
BRAZIL,13/07/2020,20286,733,0,0,0
BRAZIL,14/07/2020,41857,1300,0,0,0
BRAZIL,15/07/2020,39924,1233,0,0,0
BRAZIL,16/07/2020,45403,1322,0,0,0
BRAZIL,17/07/2020,34177,1163,0,0,0
BRAZIL,18/07/2020,28532,921,0,0,0
BRAZIL,19/07/2020,23529,716,0,0,0
BRAZIL,20/07/2020,20257,632,0,0,0
BRAZIL,21/07/2020,41008,1367,0,0,0
BRAZIL,22/07/2020,67860,1284,0,0,0
BRAZIL,23/07/2020,59961,1311,0,0,0
BRAZIL,24/07/2020,55891,1156,0,0,0
BRAZIL,25/07/2020,51147,1211,0,0,0
BRAZIL,26/07/2020,24578,555,0,0,0
BRAZIL,27/07/2020,23284,614,0,0,0
BRAZIL,28/07/2020,40816,921,0,0,0
BRAZIL,29/07/2020,69074,1595,0,0,0
BRAZIL,30/07/2020,57837,1129,0,0,0
BRAZIL,31/07/2020,52383,1212,0,0,0
BRAZIL,01/08/2020,45392,1088,0,0,0
BRAZIL,02/08/2020,25800,541,0,0,0
BRAZIL,03/08/2020,16641,561,0,0,0
BRAZIL,04/08/2020,51603,1154,0,0,0
BRAZIL,05/08/2020,55676,1421,0,0,0
BRAZIL,06/08/2020,54615,1253,0,0,0
BRAZIL,07/08/2020,50230,1079,0,0,0
BRAZIL,08/08/2020,49970,905,0,0,0
BRAZIL,09/08/2020,23010,572,0,0,0
BRAZIL,10/08/2020,22048,703,0,0,0
BRAZIL,11/08/2020,52160,1274,0,0,0
BRAZIL,12/08/2020,55155,1175,0,0,0
BRAZIL,13/08/2020,60091,1262,0,0,0
BRAZIL,14/08/2020,50644,1060,0,0,0
BRAZIL,15/08/2020,41576,709,0,0,0
BRAZIL,16/08/2020,23101,620,0,0,0
BRAZIL,17/08/2020,19373,684,0,0,0
BRAZIL,18/08/2020,47784,1352,0,0,0
BRAZIL,19/08/2020,49298,1212,0,0,0
BRAZIL,20/08/2020,45323,1204,0,0,0
BRAZIL,21/08/2020,30355,1054,0,0,0
BRAZIL,22/08/2020,50032,892,0,0,0
BRAZIL,23/08/2020,23421,494,0,0,0
BRAZIL,24/08/2020,17078,565,0,0,0
BRAZIL,25/08/2020,47134,1271,0,0,0
BRAZIL,26/08/2020,47161,1085,0,0,0
BRAZIL,27/08/2020,44235,984,0,0,0
BRAZIL,28/08/2020,43412,855,0,0,0
BRAZIL,29/08/2020,41350,958,0,0,0
BRAZIL,30/08/2020,16158,366,0,0,0
BRAZIL,31/08/2020,45961,553,0,0,0
PARAGUAY,07/03/2020,1,0,0,0,0
PARAGUAY,08/03/2020,0,0,0,0,0
PARAGUAY,09/03/2020,0,0,0,0,0
PARAGUAY,10/03/2020,4,0,0,0,0
PARAGUAY,11/03/2020,0,0,0,0,0
PARAGUAY,12/03/2020,1,0,0,0,0
PARAGUAY,13/03/2020,1,0,0,0,0
PARAGUAY,14/03/2020,0,0,0,0,0
PARAGUAY,15/03/2020,1,0,0,0,0
PARAGUAY,16/03/2020,1,0,0,0,0
PARAGUAY,17/03/2020,2,0,0,0,0
PARAGUAY,18/03/2020,0,0,0,0,0
PARAGUAY,19/03/2020,2,0,0,0,0
PARAGUAY,20/03/2020,5,1,0,0,0
PARAGUAY,21/03/2020,4,0,0,2,0
PARAGUAY,22/03/2020,0,0,0,0,0
PARAGUAY,23/03/2020,5,1,0,0,0
PARAGUAY,24/03/2020,10,1,0,0,0
PARAGUAY,25/03/2020,4,0,0,2,0
PARAGUAY,26/03/2020,11,0,1,0,0
PARAGUAY,27/03/2020,4,0,0,0,0
PARAGUAY,28/03/2020,3,0,0,0,0
PARAGUAY,29/03/2020,5,0,0,0,0
PARAGUAY,30/03/2020,1,0,0,0,0
PARAGUAY,31/03/2020,4,0,0,0,0
PARAGUAY,01/04/2020,8,0,1,1,0
PARAGUAY,02/04/2020,15,0,1,0,0
PARAGUAY,03/04/2020,4,0,9,0,0
PARAGUAY,04/04/2020,8,0,0,3,2
PARAGUAY,05/04/2020,9,2,0,0,0
PARAGUAY,06/04/2020,2,0,3,0,1
PARAGUAY,07/04/2020,4,0,15,0,1
PARAGUAY,08/04/2020,5,0,18,0,0
PARAGUAY,09/04/2020,5,1,18,0,0
PARAGUAY,10/04/2020,4,0,18,0,0
PARAGUAY,11/04/2020,1,0,4,0,0
PARAGUAY,12/04/2020,13,0,0,0,0
PARAGUAY,13/04/2020,12,1,0,0,0
PARAGUAY,14/04/2020,2,1,1,1,0
PARAGUAY,15/04/2020,13,0,7,0,0
PARAGUAY,16/04/2020,25,0,0,2,0
PARAGUAY,17/04/2020,3,0,5,1,0
PARAGUAY,18/04/2020,4,0,6,1,0
PARAGUAY,19/04/2020,2,0,5,3,0
PARAGUAY,20/04/2020,0,0,7,0,0
PARAGUAY,21/04/2020,5,1,9,0,0
PARAGUAY,22/04/2020,0,0,5,0,0
PARAGUAY,23/04/2020,7,0,3,0,0
PARAGUAY,24/04/2020,3,0,8,0,0
PARAGUAY,25/04/2020,5,0,7,1,0
PARAGUAY,26/04/2020,0,0,8,0,0
PARAGUAY,27/04/2020,2,0,2,0,0
PARAGUAY,28/04/2020,9,0,7,0,0
PARAGUAY,29/04/2020,10,0,9,1,0
PARAGUAY,30/04/2020,17,1,2,2,0
PARAGUAY,01/05/2020,67,0,2,0,0
PARAGUAY,02/05/2020,37,0,2,0,0
PARAGUAY,03/05/2020,27,0,7,3,0
PARAGUAY,04/05/2020,19,0,4,0,0
PARAGUAY,05/05/2020,16,0,5,0,0
PARAGUAY,06/05/2020,9,0,7,2,0
PARAGUAY,07/05/2020,22,0,6,0,0
PARAGUAY,08/05/2020,101,0,4,0,0
PARAGUAY,09/05/2020,126,0,3,3,0
PARAGUAY,10/05/2020,24,0,10,0,0
PARAGUAY,11/05/2020,11,0,5,1,0
PARAGUAY,12/05/2020,13,0,3,0,0
PARAGUAY,13/05/2020,3,1,9,0,0
PARAGUAY,14/05/2020,14,0,2,0,0
PARAGUAY,15/05/2020,5,0,9,0,0
PARAGUAY,16/05/2020,19,0,5,0,0
PARAGUAY,17/05/2020,8,0,4,0,0
PARAGUAY,18/05/2020,2,0,17,0,0
PARAGUAY,19/05/2020,41,0,11,0,0
PARAGUAY,20/05/2020,4,0,12,2,0
PARAGUAY,21/05/2020,3,0,14,1,0
PARAGUAY,22/05/2020,2,0,8,0,0
PARAGUAY,23/05/2020,12,0,34,0,0
PARAGUAY,24/05/2020,12,0,9,0,0
PARAGUAY,25/05/2020,3,0,37,0,0
PARAGUAY,26/05/2020,12,0,38,1,0
PARAGUAY,27/05/2020,7,0,10,0,0
PARAGUAY,28/05/2020,16,0,10,0,1
PARAGUAY,29/05/2020,17,0,11,1,1
PARAGUAY,30/05/2020,47,0,53,0,1
PARAGUAY,31/05/2020,22,0,11,0,1
PARAGUAY,01/06/2020,9,0,11,1,0
PARAGUAY,02/06/2020,18,0,10,0,0
PARAGUAY,03/06/2020,57,0,13,3,0
PARAGUAY,04/06/2020,16,0,0,0,0
PARAGUAY,05/06/2020,1,0,5,0,0
PARAGUAY,06/06/2020,3,0,16,0,0
PARAGUAY,07/06/2020,45,0,43,0,0
PARAGUAY,08/06/2020,10,0,28,0,0
PARAGUAY,09/06/2020,42,0,1,0,0
PARAGUAY,10/06/2020,15,0,15,1,0
PARAGUAY,11/06/2020,28,0,5,2,0
PARAGUAY,12/06/2020,24,0,9,0,0
PARAGUAY,13/06/2020,7,0,14,0,0
PARAGUAY,14/06/2020,28,0,3,0,0
PARAGUAY,15/06/2020,7,1,23,1,0
PARAGUAY,16/06/2020,7,1,26,0,0
PARAGUAY,17/06/2020,5,0,12,0,0
PARAGUAY,18/06/2020,22,0,6,2,0
PARAGUAY,19/06/2020,6,0,24,0,0
PARAGUAY,20/06/2020,26,0,50,1,0
PARAGUAY,21/06/2020,17,0,80,0,0
PARAGUAY,22/06/2020,13,0,32,0,0
PARAGUAY,23/06/2020,30,0,23,0,0
PARAGUAY,24/06/2020,106,0,18,3,0
PARAGUAY,25/06/2020,41,0,32,0,1
PARAGUAY,26/06/2020,142,0,37,0,0
PARAGUAY,27/06/2020,231,2,32,12,1
PARAGUAY,28/06/2020,185,0,20,3,0
PARAGUAY,29/06/2020,57,1,15,1,1
PARAGUAY,30/06/2020,30,1,9,1,0
PARAGUAY,01/07/2020,39,2,13,1,0
PARAGUAY,02/07/2020,43,0,3,0,1
PARAGUAY,03/07/2020,46,0,5,2,0
PARAGUAY,04/07/2020,36,1,21,3,1
PARAGUAY,05/07/2020,42,0,32,0,0
PARAGUAY,06/07/2020,29,0,14,3,2
PARAGUAY,07/07/2020,46,0,13,0,1
PARAGUAY,08/07/2020,52,0,19,4,2
PARAGUAY,09/07/2020,84,0,17,0,0
PARAGUAY,10/07/2020,98,0,27,1,0
PARAGUAY,11/07/2020,84,1,5,0,1
PARAGUAY,12/07/2020,128,1,14,0,1
PARAGUAY,13/07/2020,32,3,18,0,0
PARAGUAY,14/07/2020,94,0,15,2,0
PARAGUAY,15/07/2020,124,0,30,0,1
PARAGUAY,16/07/2020,144,2,41,5,1
PARAGUAY,17/07/2020,115,1,102,0,0
PARAGUAY,18/07/2020,172,1,162,1,0
PARAGUAY,19/07/2020,92,2,275,0,0
PARAGUAY,20/07/2020,27,2,253,6,0
PARAGUAY,21/07/2020,69,2,133,0,0
PARAGUAY,22/07/2020,183,1,84,0,0
PARAGUAY,23/07/2020,113,0,96,2,2
PARAGUAY,24/07/2020,111,2,109,7,0
PARAGUAY,25/07/2020,104,2,83,4,0
PARAGUAY,26/07/2020,116,1,115,4,1
PARAGUAY,27/07/2020,104,2,111,0,0
PARAGUAY,28/07/2020,126,2,134,0,0
PARAGUAY,29/07/2020,192,1,130,7,0
PARAGUAY,30/07/2020,341,1,81,4,2
PARAGUAY,31/07/2020,131,2,298,3,1
PARAGUAY,01/08/2020,147,3,238,5,1
PARAGUAY,02/08/2020,159,0,180,4,2
PARAGUAY,03/08/2020,80,3,283,4,0
PARAGUAY,04/08/2020,128,4,396,0,2
PARAGUAY,05/08/2020,208,2,194,2,6
PARAGUAY,06/08/2020,315,5,135,9,5
PARAGUAY,07/08/2020,133,3,149,11,2
PARAGUAY,08/08/2020,197,3,58,7,6
PARAGUAY,09/08/2020,202,3,41,0,1
PARAGUAY,10/08/2020,327,7,54,3,2
PARAGUAY,11/08/2020,285,4,50,2,0
PARAGUAY,12/08/2020,499,7,58,4,2
PARAGUAY,13/08/2020,371,4,132,30,1
PARAGUAY,14/08/2020,633,11,141,1,2
PARAGUAY,15/08/2020,359,19,184,4,2
PARAGUAY,16/08/2020,410,11,193,24,6
PARAGUAY,17/08/2020,344,7,176,21,13
PARAGUAY,18/08/2020,471,16,192,0,0
PARAGUAY,19/08/2020,527,4,180,16,0
PARAGUAY,20/08/2020,684,5,201,22,9
PARAGUAY,21/08/2020,719,12,224,35,0
PARAGUAY,22/08/2020,438,10,190,2,2
PARAGUAY,23/08/2020,259,13,220,34,5
PARAGUAY,24/08/2020,369,14,232,0,0
PARAGUAY,25/08/2020,626,12,234,11,2
PARAGUAY,26/08/2020,644,16,251,3,0
PARAGUAY,27/08/2020,418,18,241,32,4
PARAGUAY,28/08/2020,583,15,247,26,5
PARAGUAY,29/08/2020,601,14,259,29,9
PARAGUAY,30/08/2020,631,14,292,9,0
PARAGUAY,31/08/2020,557,18,275,22,2
